sgrna,replicate_id,lfc,p_dna_batch,genome_alignment,hugo_symbol,screen,multiple_hits_on_gene,sgrna_target_chr,sgrna_target_pos,depmap_id,counts_final,counts_initial,rna_expr,num_mutations,any_deleterious,any_tcga_hotspot,any_cosmic_hotspot,is_mutated,copy_number,lineage,primary_or_metastasis,is_male,age
AACCACTTACTAGAGTGCGG,NCI-H747-311cas9 Rep A p3_batch2,-0.7172017466998368,2,chr3_71198295_-,FOXP1,broad,TRUE,3,71198295,ACH-000403,218,358.3898754526693,3.4880007708340686,0,NA,NA,NA,FALSE,0.7475498691749409,colorectal,metastasis,TRUE,69
AATGCCCAGAAAAGTCCACA,NCI-H747-311cas9 Rep A p3_batch2,-0.10936048103070961,2,chr8_124999407_-,SQLE,broad,TRUE,8,124999407,ACH-000403,358,386.19247902033055,5.5777309314900805,0,NA,NA,NA,FALSE,1.019733642407537,colorectal,metastasis,TRUE,69
AGACCCTGCTGCCCTCCCTG,NCI-H747-311cas9 Rep A p3_batch2,-0.5285022250226863,2,chr22_41572051_-,CSDC2,broad,TRUE,22,41572051,ACH-000403,472,680.8273928934525,0.014355292977070055,0,NA,NA,NA,FALSE,0.7344758244789559,colorectal,metastasis,TRUE,69
AGAGGAGTACAGTGCAATGA,NCI-H747-311cas9 Rep A p3_batch2,-0.9849942073524511,2,chr12_25227324_-,KRAS,broad,TRUE,12,25227324,ACH-000403,234,463.1574555485371,3.916476644437717,1,FALSE,TRUE,TRUE,TRUE,0.9765935108403254,colorectal,metastasis,TRUE,69
AGAGGGAATGAAATCCACAG,NCI-H747-311cas9 Rep A p3_batch2,-0.2954866977545749,2,chr2_168828204_+,NOSTRIN,broad,TRUE,2,168828204,ACH-000403,272,333.82531184861864,2.3757345385831563,0,NA,NA,NA,FALSE,1.0169575029421785,colorectal,metastasis,TRUE,69
AGATGGTCGCGCCCTGGACG,NCI-H747-311cas9 Rep A p3_batch2,0.06862872065110626,2,chr8_97776030_+,LAPTM4B,broad,TRUE,8,97776030,ACH-000403,324,308.94822665080886,6.45137598184461,0,NA,NA,NA,FALSE,1.0000175001061382,colorectal,metastasis,TRUE,69
AGGCCGCTCACACTCAGCGT,NCI-H747-311cas9 Rep A p3_batch2,0.2590691801279079,2,chr5_146339805_-,POU4F3,broad,TRUE,5,146339805,ACH-000403,454,379.3746071391617,0.07038932789139801,0,NA,NA,NA,FALSE,1.2263132657756912,colorectal,metastasis,TRUE,69
AGTTACTGTGTATCAGGCAG,NCI-H747-311cas9 Rep A p3_batch2,0.14379071503568586,2,chr12_68836696_+,MDM2,broad,TRUE,12,68836696,ACH-000403,980,887.0350022759345,4.8339020766691645,0,NA,NA,NA,FALSE,1.0196439428316892,colorectal,metastasis,TRUE,69
ATACATGAATGGTATGAACA,NCI-H747-311cas9 Rep A p3_batch2,0.665602763376349,2,chr4_69936474_+,CSN1S1,broad,TRUE,4,69936474,ACH-000403,394,248.38755061113775,0,0,NA,NA,NA,FALSE,0.7551753289145985,colorectal,metastasis,TRUE,69
ATACCCAATAGAGTCCGAGG,NCI-H747-311cas9 Rep A p3_batch2,-0.48608681625474404,2,chr7_140800374_+,BRAF,broad,TRUE,7,140800374,ACH-000403,546,764.7497697401022,3.023255352300303,0,NA,NA,NA,FALSE,1.0554549674924358,colorectal,metastasis,TRUE,69
ATACTGATCCGGATCAGCCA,NCI-H747-311cas9 Rep A p3_batch2,-0.17503614943560342,2,chr8_97805395_-,LAPTM4B,broad,TRUE,8,97805395,ACH-000403,368,415.46931120264344,6.45137598184461,0,NA,NA,NA,FALSE,1.0000175001061382,colorectal,metastasis,TRUE,69
ATATGGCTGACCTAATAGAT,NCI-H747-311cas9 Rep A p3_batch2,-0.5756354887570021,2,chr8_140800519_-,PTK2,broad,TRUE,8,140800519,ACH-000403,1110,1654.2705086524177,6.299024807384317,0,NA,NA,NA,FALSE,0.9815835671968356,colorectal,metastasis,TRUE,69
ATTCGCATGCGGTAGAGGGG,NCI-H747-311cas9 Rep A p3_batch2,-1.7179831089588673,2,chr19_17861352_-,RPL18A,broad,TRUE,19,17861352,ACH-000403,46,151.32904087571015,10.61654884377899,0,NA,NA,NA,FALSE,0.9850354253574728,colorectal,metastasis,TRUE,69
CACAAATACACCGGACGTGA,NCI-H747-311cas9 Rep A p3_batch2,0.25426661190346644,2,chr1_153418150_+,S100A7A,broad,TRUE,1,153418150,ACH-000403,244,204.5728281877532,0,0,NA,NA,NA,FALSE,1.2261323352591482,colorectal,metastasis,TRUE,69
CATACAGGAGATGATCAAAA,NCI-H747-311cas9 Rep A p3_batch2,0.15045260762443036,2,chr2_26477715_-,OTOF,broad,TRUE,2,26477715,ACH-000403,436,392.8219448115439,0.014355292977070055,0,NA,NA,NA,FALSE,1.0094784332935258,colorectal,metastasis,TRUE,69
CATCAAGGCCAAAAAGCGAT,NCI-H747-311cas9 Rep A p3_batch2,0.32430273553995725,2,chr21_42395367_+,TMPRSS3,broad,TRUE,21,42395367,ACH-000403,1086,867.3711527552434,1.8559896973084808,0,NA,NA,NA,FALSE,0.7472858408615399,colorectal,metastasis,TRUE,69
CATGGAACCAGACAGAAAAG,NCI-H747-311cas9 Rep A p3_batch2,0.3181682768890042,2,chr3_41224567_+,CTNNB1,broad,TRUE,3,41224567,ACH-000403,1130,906.3589935093503,6.241268177329374,0,NA,NA,NA,FALSE,0.7475498691749409,colorectal,metastasis,TRUE,69
CCAAAGTTAAGTGCATGCAG,NCI-H747-311cas9 Rep A p3_batch2,-0.10990967919824168,2,chr19_42300260_+,PAFAH1B3,broad,TRUE,19,42300260,ACH-000403,374,403.6060916564814,5.706254253573202,0,NA,NA,NA,FALSE,0.9858327515466876,colorectal,metastasis,TRUE,69
CCACCTGGTGATAATGCACG,NCI-H747-311cas9 Rep A p3_batch2,-0.307597393885771,2,chr10_73998286_+,VCL,broad,TRUE,10,73998286,ACH-000403,266,329.2135324715312,5.99954908734095,0,NA,NA,NA,FALSE,1.0196966470095394,colorectal,metastasis,TRUE,69
CCAGCTCATGCACCAGTGCG,NCI-H747-311cas9 Rep A p3_batch2,-0.3670807346555791,2,chr19_42301954_-,PAFAH1B3,broad,TRUE,19,42301954,ACH-000403,94,121.23559983709177,5.706254253573202,0,NA,NA,NA,FALSE,0.9858327515466876,colorectal,metastasis,TRUE,69
CCATTCTCCGAGGCTGCCCG,NCI-H747-311cas9 Rep A p3_batch2,0.2102199950349486,2,chr9_134916405_-,FCN1,broad,TRUE,9,134916405,ACH-000403,302,261.0504335163077,0.2750070474998698,0,NA,NA,NA,FALSE,1.2614274797944485,colorectal,metastasis,TRUE,69
CCATTGTGTAAAACAGTAGG,NCI-H747-311cas9 Rep A p3_batch2,0.6102581524643447,2,chr2_231208212_+,ARMC9,broad,TRUE,2,231208212,ACH-000403,470,307.8873523371888,2.7739963251111734,0,NA,NA,NA,FALSE,1.0169575029421785,colorectal,metastasis,TRUE,69
CCGCTGGAAGTACGTCAACG,NCI-H747-311cas9 Rep A p3_batch2,0.4902825526853989,2,chr1_168291269_+,TBX19,broad,TRUE,1,168291269,ACH-000403,370,263.39769453770776,1.9708536543404835,0,NA,NA,NA,FALSE,1.2261323352591482,colorectal,metastasis,TRUE,69
CCTCGTGCATTATCACCAGG,NCI-H747-311cas9 Rep A p3_batch2,0.0261292095232335,2,chr10_73998275_-,VCL,broad,TRUE,10,73998275,ACH-000403,356,349.6103829802946,5.99954908734095,0,NA,NA,NA,FALSE,1.0196966470095394,colorectal,metastasis,TRUE,69
CCTTCTCGCTTGCAGCTGCA,NCI-H747-311cas9 Rep A p3_batch2,0.6655579871882074,2,chr5_146339549_+,POU4F3,broad,TRUE,5,146339549,ACH-000403,1404,885.1445298747094,0.07038932789139801,0,NA,NA,NA,FALSE,1.2263132657756912,colorectal,metastasis,TRUE,69
CGACACCCTCTACATCGCCA,NCI-H747-311cas9 Rep A p3_batch2,-0.44596543547078893,2,chr14_100239272_+,YY1,broad,TRUE,14,100239272,ACH-000403,226,307.86293986588277,5.1634987322828785,0,NA,NA,NA,FALSE,0.7365862692822445,colorectal,metastasis,TRUE,69
CGAGGTGGAGACCATCCCGG,NCI-H747-311cas9 Rep A p3_batch2,-1.083177786514,2,chr14_100239338_+,YY1,broad,TRUE,14,100239338,ACH-000403,54,114.40967823591518,5.1634987322828785,0,NA,NA,NA,FALSE,0.7365862692822445,colorectal,metastasis,TRUE,69
CGGATTCAAAGCTTCCCCGG,NCI-H747-311cas9 Rep A p3_batch2,-0.2101350917604039,2,chr10_72954566_+,PLA2G12B,broad,TRUE,10,72954566,ACH-000403,118,136.50198694000352,0,0,NA,NA,NA,FALSE,1.0196966470095394,colorectal,metastasis,TRUE,69
CTTGCACCACAGATTCCACA,NCI-H747-311cas9 Rep A p3_batch2,-0.08994842428494332,2,chr1_173830700_-,DARS2,broad,TRUE,1,173830700,ACH-000403,442,470.4348025058733,5.403949364232866,0,NA,NA,NA,FALSE,1.2445536089172662,colorectal,metastasis,TRUE,69
CTTGCCATTGTGCTGTTCCA,NCI-H747-311cas9 Rep A p3_batch2,0.3377913977388314,2,chr17_6641140_-,TXNDC17,broad,TRUE,17,6641140,ACH-000403,728,576.0312387905269,7.043300754364183,0,NA,NA,NA,FALSE,0.7274322620271809,colorectal,metastasis,TRUE,69
CTTGGACTAGTGAAAGAGGT,NCI-H747-311cas9 Rep A p3_batch2,-0.22163569525247073,2,chr2_231206288_+,ARMC9,broad,TRUE,2,231206288,ACH-000403,240,279.85317219617525,2.7739963251111734,0,NA,NA,NA,FALSE,1.0169575029421785,colorectal,metastasis,TRUE,69
GAATAGGCTGCACGTGGCCG,NCI-H747-311cas9 Rep A p3_batch2,0.2930600822388443,2,chr12_56042468_-,RPS26,broad,TRUE,12,56042468,ACH-000403,174,142.01341563990454,9.161283074542009,0,NA,NA,NA,FALSE,1.0196439428316892,colorectal,metastasis,TRUE,69
GACATGTTTCACAAATACAC,NCI-H747-311cas9 Rep A p3_batch2,-0.18504448441988153,2,chr1_153418141_+,S100A7A,broad,TRUE,1,153418141,ACH-000403,268,304.6763431490183,0,0,NA,NA,NA,FALSE,1.2261323352591482,colorectal,metastasis,TRUE,69
GACTGAGTACAAACTGGTGG,NCI-H747-311cas9 Rep A p3_batch2,0.021378704147609895,2,chr1_114716141_-,NRAS,broad,TRUE,1,114716141,ACH-000403,268,264.05789860722604,4.04001567884788,0,NA,NA,NA,FALSE,0.7498482581157933,colorectal,metastasis,TRUE,69
GAGTTACCGGAGCGGAACTG,NCI-H747-311cas9 Rep A p3_batch2,-0.11476992473827385,2,chr3_184249744_+,EEF1AKMT4,broad,TRUE,3,184249744,ACH-000403,300,324.8407052243134,2.4356285940520905,0,NA,NA,NA,FALSE,1.3871326316410446,colorectal,metastasis,TRUE,69
GATCCCAGTACTCGACTTCG,NCI-H747-311cas9 Rep A p3_batch2,-0.22543118603773404,2,chr3_184249759_-,EEF1AKMT4,broad,TRUE,3,184249759,ACH-000403,272,318.00244050931985,2.4356285940520905,0,NA,NA,NA,FALSE,1.3871326316410446,colorectal,metastasis,TRUE,69
GCACAGTTAGTGCAGCGAAT,NCI-H747-311cas9 Rep A p3_batch2,-2.3276705461335148,2,chr12_56042484_-,RPS26,broad,TRUE,12,56042484,ACH-000403,58,291.15660585738254,9.161283074542009,0,NA,NA,NA,FALSE,1.0196439428316892,colorectal,metastasis,TRUE,69
GCAGTCACAGCACATGACGG,NCI-H747-311cas9 Rep A p3_batch2,-0.40695641061364896,2,chr17_7675103_-,TP53,broad,TRUE,17,7675103,ACH-000403,346,458.75645205060755,6.3203041493256125,1,FALSE,TRUE,TRUE,TRUE,0.7274322620271809,colorectal,metastasis,TRUE,69
GCCATCCAGAATGGGTCGGG,NCI-H747-311cas9 Rep A p3_batch2,-0.31657306552282716,2,chr3_71198322_-,FOXP1,broad,TRUE,3,71198322,ACH-000403,116,144.46278323535793,3.4880007708340686,0,NA,NA,NA,FALSE,0.7475498691749409,colorectal,metastasis,TRUE,69
GCGAGGTTCCATTCACCAGC,NCI-H747-311cas9 Rep A p3_batch2,-0.6829888652397083,2,chr8_140800502_+,PTK2,broad,TRUE,8,140800502,ACH-000403,438,703.1925252348415,6.299024807384317,0,NA,NA,NA,FALSE,0.9815835671968356,colorectal,metastasis,TRUE,69
GCGGTCCACATGGACGTGCG,NCI-H747-311cas9 Rep A p3_batch2,-0.385706331097889,2,chr18_79964743_+,HSBP1L1,broad,TRUE,18,79964743,ACH-000403,188,245.62186489469627,3.912649864897204,0,NA,NA,NA,FALSE,0.43338274053509496,colorectal,metastasis,TRUE,69
GCTCTGCTCAGCGCTCCGCC,NCI-H747-311cas9 Rep A p3_batch2,0.7304086573346136,2,chr2_157628616_-,ACVR1C,broad,TRUE,2,157628616,ACH-000403,90,54.24598436950112,0.02856915219677092,0,NA,NA,NA,FALSE,1.0169575029421785,colorectal,metastasis,TRUE,69
GCTGTTGTACAAGCTCACCT,NCI-H747-311cas9 Rep A p3_batch2,0.07066321735057102,2,chr15_75649346_-,SNX33,broad,TRUE,15,75649346,ACH-000403,916,872.2153503227054,2.6016965164809576,0,NA,NA,NA,FALSE,0.7538855344551475,colorectal,metastasis,TRUE,69
GGAGGGCTACATCCTTGGCG,NCI-H747-311cas9 Rep A p3_batch2,-0.5782705510154287,2,chr11_47216944_+,DDB2,broad,TRUE,11,47216944,ACH-000403,362,540.487123704967,6.288912202766193,0,NA,NA,NA,FALSE,1.235591362259563,colorectal,metastasis,TRUE,69
GGAGGTTCACTGGCTTCACG,NCI-H747-311cas9 Rep A p3_batch2,-0.37875208316653186,2,chr8_140879537_-,PTK2,broad,TRUE,8,140879537,ACH-000403,142,184.6307706050765,6.299024807384317,0,NA,NA,NA,FALSE,0.9815835671968356,colorectal,metastasis,TRUE,69
GGAGTCCCAGAAACCTCCAA,NCI-H747-311cas9 Rep A p3_batch2,-0.23769740091613611,2,chrX_78658041_-,RTL3,broad,TRUE,X,78658041,ACH-000403,96,113.19448830961271,0,0,NA,NA,NA,FALSE,1.0007466931323699,colorectal,metastasis,TRUE,69
GGATTCTTACAGAAAACAAG,NCI-H747-311cas9 Rep A p3_batch2,0.11231266208246726,2,chr1_114713962_-,NRAS,broad,TRUE,1,114713962,ACH-000403,222,205.37306957673843,4.04001567884788,0,NA,NA,NA,FALSE,0.7498482581157933,colorectal,metastasis,TRUE,69
GGCACTGCACCCGTTCGCGG,NCI-H747-311cas9 Rep A p3_batch2,-0.21053464434780667,2,chr19_1220596_+,STK11,broad,TRUE,19,1220596,ACH-000403,194,224.4806819373906,5.772149590784543,0,NA,NA,NA,FALSE,1.005278119853735,colorectal,metastasis,TRUE,69
GGCAGAAGCTGGGCGCCGCG,NCI-H747-311cas9 Rep A p3_batch2,-0.14469144095094633,2,chr2_240560709_+,DUSP28,broad,TRUE,2,240560709,ACH-000403,192,212.25488417970817,2.7158933705476054,0,NA,NA,NA,FALSE,1.0169575029421785,colorectal,metastasis,TRUE,69
GGTCGTGCCAAAAAGGGCCG,NCI-H747-311cas9 Rep A p3_batch2,-1.500402282988944,2,chr12_56042462_+,RPS26,broad,TRUE,12,56042462,ACH-000403,140,396.09022838935306,9.161283074542009,0,NA,NA,NA,FALSE,1.0196439428316892,colorectal,metastasis,TRUE,69
GGTGAGAATGAGAAGCCTCA,NCI-H747-311cas9 Rep A p3_batch2,-0.14746698110426992,2,chr4_69932559_-,CSN1S1,broad,TRUE,4,69932559,ACH-000403,238,263.6142857202084,0,0,NA,NA,NA,FALSE,0.7551753289145985,colorectal,metastasis,TRUE,69
GGTGATGGACAAGACCAAAG,NCI-H747-311cas9 Rep A p3_batch2,-0.910708241001507,2,chr9_19121050_-,PLIN2,broad,TRUE,9,19121050,ACH-000403,42,78.958663433365885,3.891419186846079,0,NA,NA,NA,FALSE,0.7851352372543845,colorectal,metastasis,TRUE,69
GTACGGGCGAGGCGGCCCCG,NCI-H747-311cas9 Rep A p3_batch2,-0.4868209537849335,2,chr2_240560713_-,DUSP28,broad,TRUE,2,240560713,ACH-000403,108,151.3461804600335,2.7158933705476054,0,NA,NA,NA,FALSE,1.0169575029421785,colorectal,metastasis,TRUE,69
GTACTCCATCACCATATACG,NCI-H747-311cas9 Rep A p3_batch2,0.15692890803363913,2,chr19_1219325_-,STK11,broad,TRUE,19,1219325,ACH-000403,304,272.6674364929294,5.772149590784543,0,NA,NA,NA,FALSE,1.005278119853735,colorectal,metastasis,TRUE,69
GTAGAATGTTTACTACCAAA,NCI-H747-311cas9 Rep A p3_batch2,0.406808627016074,2,chr3_179198905_+,PIK3CA,broad,TRUE,3,179198905,ACH-000403,354,267.0186911587961,4.008988783227255,0,NA,NA,NA,FALSE,1.3871326316410446,colorectal,metastasis,TRUE,69
GTAGCCTCCCGGCTCCCGCG,NCI-H747-311cas9 Rep A p3_batch2,1.044478111678814,2,chr18_22171973_-,GATA6,broad,TRUE,18,22171973,ACH-000403,244,118.29614301465905,3.249445341085839,0,NA,NA,NA,FALSE,0.43338274053509496,colorectal,metastasis,TRUE,69
GTAGTGACCCTTCCAGTCAT,NCI-H747-311cas9 Rep A p3_batch2,0.4518220135016664,2,chr21_42388454_+,TMPRSS3,broad,TRUE,21,42388454,ACH-000403,414,302.6832317998361,1.8559896973084808,0,NA,NA,NA,FALSE,0.7472858408615399,colorectal,metastasis,TRUE,69
GTATCTGCCACAACAACGAT,NCI-H747-311cas9 Rep A p3_batch2,0.08484702552810397,2,chr15_31503733_+,OTUD7A,broad,TRUE,15,31503733,ACH-000403,324,305.494580678774,0.02856915219677092,0,NA,NA,NA,FALSE,0.7538855344551475,colorectal,metastasis,TRUE,69
GTCCGCAGCCGAAGAGGCCG,NCI-H747-311cas9 Rep A p3_batch2,-0.30065671721610565,2,chr7_140924600_+,BRAF,broad,TRUE,7,140924600,ACH-000403,264,325.1701094214469,3.023255352300303,0,NA,NA,NA,FALSE,1.0554549674924358,colorectal,metastasis,TRUE,69
GTTCAGAGTGAACCATGCAG,NCI-H747-311cas9 Rep A p3_batch2,-0.766643193207234,2,chr5_112839823_+,APC,broad,TRUE,5,112839823,ACH-000403,176,299.42996872112906,2.9981955031532523,2,TRUE,TRUE,TRUE,TRUE,1.2263132657756912,colorectal,metastasis,TRUE,69
GTTCATGTGATTCAGCCACG,NCI-H747-311cas9 Rep A p3_batch2,-0.16311787670783096,2,chr7_6044566_-,EIF2AK1,broad,TRUE,7,6044566,ACH-000403,210,235.1379179895592,7.047342072562178,0,NA,NA,NA,FALSE,1.644309891289646,colorectal,metastasis,TRUE,69
GTTTCTCCATACAGGTCACG,NCI-H747-311cas9 Rep A p3_batch2,0.36296294055043576,2,chr5_112838905_+,APC,broad,TRUE,5,112838905,ACH-000403,590,458.7639455883851,2.9981955031532523,2,TRUE,TRUE,TRUE,TRUE,1.2263132657756912,colorectal,metastasis,TRUE,69
TATTACGCCCCAGGAACAAG,NCI-H747-311cas9 Rep A p3_batch2,-0.2832517698837407,2,chr11_47215199_+,DDB2,broad,TRUE,11,47215199,ACH-000403,356,433.2287573807265,6.288912202766193,0,NA,NA,NA,FALSE,1.235591362259563,colorectal,metastasis,TRUE,69
TCAGGATTATCGACAAGCAG,NCI-H747-311cas9 Rep A p3_batch2,0.14020064180077751,2,chr8_93701453_+,FAM92A,broad,TRUE,8,93701453,ACH-000403,398,361.1423946983159,0,0,NA,NA,NA,FALSE,1.0000175001061382,colorectal,metastasis,TRUE,69
TCTACTCCGAAAGTCCTCAG,NCI-H747-311cas9 Rep A p3_batch2,0.3601552380767039,2,chrX_78658254_-,RTL3,broad,TRUE,X,78658254,ACH-000403,382,297.6088441519302,0,0,NA,NA,NA,FALSE,1.0007466931323699,colorectal,metastasis,TRUE,69
TCTTAACCGACAACCCCACA,NCI-H747-311cas9 Rep A p3_batch2,0.4238124955259024,2,chr8_81679172_-,IMPA1,broad,TRUE,8,81679172,ACH-000403,512,381.67146094895804,3.6158870739160567,0,NA,NA,NA,FALSE,1.0000175001061382,colorectal,metastasis,TRUE,69
TGAGACCTTCGCCAACCGCG,NCI-H747-311cas9 Rep A p3_batch2,0.11792336230100053,2,chr16_4988248_+,SEC14L5,broad,TRUE,16,4988248,ACH-000403,360,331.7447292432379,0.21412480535284734,0,NA,NA,NA,FALSE,1.11639477896728,colorectal,metastasis,TRUE,69
TGATACCCCTGGACCCCGAG,NCI-H747-311cas9 Rep A p3_batch2,-0.3136968638371065,2,chr7_100057184_+,ZSCAN21,broad,TRUE,7,100057184,ACH-000403,420,522.0131650655001,2.6530600171045644,0,NA,NA,NA,FALSE,1.0467027855113031,colorectal,metastasis,TRUE,69
TGATGTGGTCAGCAGCCAGG,NCI-H747-311cas9 Rep A p3_batch2,7.517775210770239e-4,2,chr16_74661310_-,RFWD3,broad,TRUE,16,74661310,ACH-000403,336,335.824958540722,5.955824240806441,0,NA,NA,NA,FALSE,1.11639477896728,colorectal,metastasis,TRUE,69
TGCGGTACTGGAAGCCTGAG,NCI-H747-311cas9 Rep A p3_batch2,-0.19942602727601644,2,chr13_113433808_-,ADPRHL1,broad,TRUE,13,113433808,ACH-000403,178,204.38697614897288,2.7290088703378634,0,NA,NA,NA,FALSE,1.048331912502918,colorectal,metastasis,TRUE,69
TGCTCCACTACGTACCTGCG,NCI-H747-311cas9 Rep A p3_batch2,-0.3137740897290304,2,chr5_146339230_-,POU4F3,broad,TRUE,5,146339230,ACH-000403,276,343.0555856571647,0.07038932789139801,0,NA,NA,NA,FALSE,1.2263132657756912,colorectal,metastasis,TRUE,69
TGGAGCGTCAGTATCAACTG,NCI-H747-311cas9 Rep A p3_batch2,-0.5636072841813955,2,chr9_122381711_+,PTGS1,broad,TRUE,9,122381711,ACH-000403,488,721.2445098689391,0.18903382439001712,0,NA,NA,NA,FALSE,1.2614274797944485,colorectal,metastasis,TRUE,69
TGGATGGCCTTGACTGACGG,NCI-H747-311cas9 Rep A p3_batch2,0.39318728640068557,2,chr18_22171158_+,GATA6,broad,TRUE,18,22171158,ACH-000403,994,756.876841742937,3.249445341085839,0,NA,NA,NA,FALSE,0.43338274053509496,colorectal,metastasis,TRUE,69
TGTGTCCTGGAAACTGGGCT,NCI-H747-311cas9 Rep A p3_batch2,0.02474491959385272,2,chr18_23421394_-,TMEM241,broad,TRUE,18,23421394,ACH-000403,574,564.2387768249159,2.1953475983222197,0,NA,NA,NA,FALSE,0.43338274053509496,colorectal,metastasis,TRUE,69
TGTTTGAGAAGTCCCCCCTG,NCI-H747-311cas9 Rep A p3_batch2,-1.884370258706273,2,chr19_17862111_+,RPL18A,broad,TRUE,19,17862111,ACH-000403,836,3086.4429101671954,10.61654884377899,0,NA,NA,NA,FALSE,0.9850354253574728,colorectal,metastasis,TRUE,69
TTAAAAGTAATTGAACCAGT,NCI-H747-311cas9 Rep A p3_batch2,0.24959113304504665,2,chr3_179199136_+,PIK3CA,broad,TRUE,3,179199136,ACH-000403,1036,871.4156147331028,4.008988783227255,0,NA,NA,NA,FALSE,1.3871326316410446,colorectal,metastasis,TRUE,69
TTGAGAACATGATAACCACC,NCI-H747-311cas9 Rep A p3_batch2,-0.20642725850158072,2,chr8_125003394_-,SQLE,broad,TRUE,8,125003394,ACH-000403,594,685.3733947573498,5.5777309314900805,0,NA,NA,NA,FALSE,1.019733642407537,colorectal,metastasis,TRUE,69
TTGAGAGGTGAGAAAAATGA,NCI-H747-311cas9 Rep A p3_batch2,0.6126735189566528,2,chr7_35017933_+,DPY19L1,broad,TRUE,7,35017933,ACH-000403,374,244.5898864620965,4.486070743735668,0,NA,NA,NA,FALSE,1.644203117351163,colorectal,metastasis,TRUE,69
