hugo_symbol,tier,hallmark,tumor_types_somatic,tissue_type,mutation_types,is_oncogene,is_tsg,is_fusion
A1CF,2,FALSE,melanoma,E,Mis,TRUE,FALSE,FALSE
ABI1,1,TRUE,AML,L,T,FALSE,FALSE,FALSE
ABL1,1,TRUE,ALL;CML;T-ALL,L,Mis;T,FALSE,FALSE,FALSE
ABL2,1,FALSE,AML,L,T,FALSE,FALSE,FALSE
ACKR3,1,TRUE,lipoma,M,T,FALSE,FALSE,FALSE
ACSL3,1,TRUE,prostate,E,T,FALSE,FALSE,TRUE
ACSL6,2,FALSE,AEL;AML,L,T,FALSE,FALSE,TRUE
ACVR1,1,TRUE,DIPG,O,Mis,TRUE,FALSE,FALSE
ACVR2A,1,FALSE,biliary tract;large intestine carcinoma;oesophagus;pancreatic carcinoma;stomach carcinoma,E,F;Mis;N,FALSE,TRUE,FALSE
AFDN,1,FALSE,AL,L,T,FALSE,FALSE,FALSE
AFF1,1,TRUE,AL,L,T,FALSE,FALSE,TRUE
AFF3,1,TRUE,ALL;T-ALL,L,T,FALSE,FALSE,FALSE
AFF4,1,TRUE,ALL,L,T,FALSE,FALSE,FALSE
AKAP9,2,FALSE,papillary thyroid,E,T,FALSE,FALSE,TRUE
AKT1,1,TRUE,breast;colorectal;NSCLC;ovarian,E,Mis,TRUE,FALSE,FALSE
AKT2,1,FALSE,ovarian;pancreatic,E,A,TRUE,FALSE,FALSE
AKT3,2,FALSE,GBM,O,A,TRUE,FALSE,FALSE
ALDH2,2,FALSE,leiomyoma,M,T,FALSE,FALSE,TRUE
ALK,1,TRUE,ALCL;inflammatory myofibroblastic tumour;neuroblastoma;NSCLC;Spitzoid tumour,E;L;M,A;Mis;T,FALSE,FALSE,FALSE
AMER1,1,TRUE,Wilms tumour,O,D;F;Mis;N,FALSE,TRUE,FALSE
ANK1,2,FALSE,CCRCC,E,Mis,FALSE,FALSE,FALSE
APC,1,TRUE,colorectal;desmoid;glioma;hepatoblastoma;other CNS;pancreatic,E;M;O,D;F;Mis;N;S,FALSE,TRUE,FALSE
APOBEC3B,1,TRUE,,E,D,FALSE,FALSE,FALSE
AR,1,TRUE,prostate,E,Mis,TRUE,FALSE,FALSE
ARAF,2,FALSE,cholangiocarcinoma;Langerhans cell histiocytosis;lung adenocarcinoma,E;L,Mis,TRUE,FALSE,FALSE
ARHGAP26,1,FALSE,AML;MDS,L,F;S;T,FALSE,FALSE,FALSE
ARHGAP5,2,FALSE,colon cancer;glioma,E;O,Mis,TRUE,FALSE,FALSE
ARHGEF10,2,FALSE,colon cancer,E,D,FALSE,TRUE,FALSE
ARHGEF10L,2,FALSE,lymphoma,L,D,FALSE,TRUE,FALSE
ARHGEF12,1,FALSE,AML,L,T,FALSE,FALSE,FALSE
ARID1A,1,TRUE,breast;clear cell ovarian carcinoma;RCC,E,D;F;Mis;N;S;T,FALSE,FALSE,FALSE
ARID1B,1,FALSE,breast;clear cell ovarian carcinoma;hepatocellular carcinoma,E,F;Mis;N;O,FALSE,TRUE,FALSE
ARID2,1,TRUE,hepatocellular carcinoma,E,F;N;S,FALSE,TRUE,FALSE
ARNT,1,TRUE,AML,L,T,FALSE,FALSE,FALSE
ASPSCR1,1,TRUE,alveolar soft part sarcoma,M,T,FALSE,FALSE,TRUE
ASXL1,1,TRUE,CMML;MDS,L,F;Mis;N,FALSE,TRUE,FALSE
ASXL2,2,FALSE,AML;CCRCC;melanoma,E;L,F;N;O,FALSE,TRUE,FALSE
ATF1,1,TRUE,angiomatoid fibrous histiocytoma;malignant melanoma of soft parts,E;M,T,FALSE,FALSE,FALSE
ATIC,1,TRUE,ALCL,L,T,FALSE,FALSE,TRUE
ATM,1,TRUE,T-PLL,L;O,D;F;Mis;N;S,FALSE,TRUE,FALSE
ATP1A1,1,TRUE,adrenal aldosterone producing adenoma,E,Mis;O,FALSE,FALSE,FALSE
ATP2B3,1,TRUE,adrenal aldosterone producing adenoma,E,O,FALSE,TRUE,FALSE
ATR,1,TRUE,endometrial;epithelial ovarian;gastric;myeloma,E;L,F;Mis,FALSE,TRUE,FALSE
ATRX,1,TRUE,paediatric GBM;pancreatic neuroendocrine tumours,E,F;Mis;N,FALSE,TRUE,FALSE
AXIN1,1,TRUE,colorectal;endometrial;hepatoblastoma;hepatocellular carcinoma;prostate;sporadic medulloblastoma,E;O,D;F;Mis;N;S,FALSE,TRUE,FALSE
AXIN2,1,TRUE,colorectal carcinoma;hepatocellular carcinoma;stomach carcinoma,E,F;Mis;N,FALSE,TRUE,FALSE
B2M,1,TRUE,colorectal adenocarcinoma;DLBCL;melanoma,E;L,F;Mis;N,FALSE,TRUE,FALSE
BAP1,1,TRUE,breast;NSCLC;RCC;uveal melanoma,E,F;Mis;N;O;S,FALSE,TRUE,FALSE
BARD1,1,FALSE,breast cancer,E,Mis,FALSE,TRUE,FALSE
BAX,1,FALSE,colorectal cancer,E,F;Mis,FALSE,TRUE,FALSE
BAZ1A,2,FALSE,colon cancer;uterine carcinosarcoma,E,D,FALSE,TRUE,FALSE
BCL10,1,TRUE,MALT,L,T,FALSE,FALSE,FALSE
BCL11A,1,TRUE,B-CLL,L,T,FALSE,FALSE,FALSE
BCL11B,1,TRUE,T-ALL,L,T,FALSE,FALSE,FALSE
BCL2,1,FALSE,CLL;NHL,L,T,FALSE,FALSE,FALSE
BCL2L12,2,FALSE,melanoma;SCC,E,Mis,TRUE,FALSE,FALSE
BCL3,1,FALSE,CLL,L,T,FALSE,FALSE,FALSE
BCL6,1,FALSE,CLL;NHL,L,Mis;T,FALSE,FALSE,FALSE
BCL7A,1,FALSE,BNHL,L,T,FALSE,FALSE,TRUE
BCL9,1,TRUE,B-ALL,L,T,FALSE,FALSE,FALSE
BCL9L,1,TRUE,colorectal cancer;endometrial carcinoma;gastric cancer,E,F;Mis,FALSE,FALSE,FALSE
BCLAF1,2,FALSE,melanoma;SCC,E,Mis,FALSE,FALSE,FALSE
BCOR,1,TRUE,AML;APL (translocation);retinoblastoma,L;M,F;N;S;T,FALSE,FALSE,FALSE
BCORL1,1,TRUE,AML;HNSCC,E;L,F;Mis;N,FALSE,FALSE,FALSE
BCR,1,FALSE,ALL;AML;CML,L,T,FALSE,FALSE,TRUE
BIRC3,1,TRUE,CLL;MALT;MCL;MM,L,D;F;Mis;N;T,FALSE,FALSE,FALSE
BIRC6,2,FALSE,gastric adenocarcinoma;lung adenocarcinoma;melanoma,E,Mis;T,FALSE,FALSE,FALSE
BLM,1,TRUE,,E;L,F;Mis;N,FALSE,TRUE,FALSE
BMP5,2,FALSE,melanoma,E,Mis,FALSE,FALSE,FALSE
BMPR1A,1,TRUE,,E,F;Mis;N,FALSE,FALSE,FALSE
BRAF,1,TRUE,borderline ovarian;cholangiocarcinoma;colorectal;gastric;melanocytic nevus;melanoma;NSCLC;pancreas acinar carcinoma;papillary thyroid;pilocytic astrocytoma;prostate;Spitzoid tumour,E;O,Mis;O;T,FALSE,FALSE,FALSE
BRCA1,1,TRUE,ovarian,E,D;F;Mis;N;S,FALSE,TRUE,FALSE
BRCA2,1,TRUE,breast;ovarian;pancreatic,E;L,D;F;Mis;N;S,FALSE,TRUE,FALSE
BRD3,1,FALSE,lethal midline carcinoma of young people,E,T,FALSE,FALSE,FALSE
BRD4,1,TRUE,lethal midline carcinoma of young people,E,T,FALSE,FALSE,FALSE
BRIP1,1,TRUE,,E;L,F;Mis;N,FALSE,TRUE,FALSE
BTG1,1,FALSE,B-CLL,L,T,FALSE,FALSE,FALSE
BTK,1,TRUE,CLL;mantle cell lymphoma;WM,L,Mis,FALSE,FALSE,FALSE
BUB1B,1,TRUE,,M,F;Mis;N;S,FALSE,TRUE,FALSE
C15orf65,2,FALSE,Hodgkin lymphoma;PMBL,L,T,FALSE,FALSE,TRUE
CACNA1D,1,TRUE,adrenal aldosterone producing adenoma,E,Mis,TRUE,FALSE,FALSE
CALR,1,TRUE,MDS;MPN,L,F;Mis,TRUE,FALSE,FALSE
CAMTA1,1,TRUE,epithelioid haemangioendothelioma,M,T,FALSE,FALSE,FALSE
CANT1,1,TRUE,prostate,E,T,FALSE,FALSE,TRUE
CARD11,1,TRUE,DLBCL,L,Mis,TRUE,FALSE,FALSE
CARS,1,TRUE,ALCL,L,T,FALSE,FALSE,FALSE
CASP3,2,FALSE,ovarian cancer,E,D,FALSE,TRUE,FALSE
CASP8,1,TRUE,breast;hepatocellular;oral squamous cell,E,F;N;S,FALSE,TRUE,FALSE
CASP9,2,FALSE,glioma,O,D,FALSE,TRUE,FALSE
CBFA2T3,1,TRUE,AML,L,T,FALSE,FALSE,FALSE
CBFB,1,TRUE,AML,L,T,FALSE,FALSE,FALSE
CBL,1,TRUE,AML;JMML;MDS,L,Mis;O;S;T,FALSE,FALSE,FALSE
CBLB,1,TRUE,AML,L,Mis;S,FALSE,TRUE,FALSE
CBLC,1,FALSE,AML,L,M,FALSE,FALSE,FALSE
CCDC6,1,TRUE,CML;NSCLC;papillary thyroid,E,T,FALSE,FALSE,FALSE
CCNB1IP1,1,TRUE,leiomyoma,M,T,FALSE,FALSE,FALSE
CCNC,2,FALSE,T-ALL,L,D,FALSE,TRUE,FALSE
CCND1,1,TRUE,B-ALL;breast;CLL,E;L,T,FALSE,FALSE,FALSE
CCND2,1,TRUE,CLL;NHL,L,T,FALSE,FALSE,FALSE
CCND3,1,FALSE,MM,L,T,FALSE,FALSE,FALSE
CCNE1,1,TRUE,serous ovarian,E,A,TRUE,FALSE,FALSE
CCR4,2,FALSE,adult T-cell leukaemia/lymphoma,L,N,TRUE,FALSE,FALSE
CCR7,2,FALSE,adult T-cell leukaemia/lymphoma,L,N,TRUE,FALSE,FALSE
CD209,2,FALSE,prostate carcinoma,E,Mis,FALSE,FALSE,FALSE
CD274,1,FALSE,Hodgkin lymphoma;PMBL,L,T,FALSE,FALSE,FALSE
CD28,2,FALSE,T-cell lymphoma,L,Mis,TRUE,FALSE,FALSE
CD74,1,FALSE,NSCLC,E,T,FALSE,FALSE,FALSE
CD79A,1,TRUE,DLBCL;WM,L,S,TRUE,FALSE,FALSE
CD79B,1,TRUE,DLBCL;WM,L,Mis;S,TRUE,FALSE,FALSE
CDC73,1,TRUE,parathyroid adenoma,E;M,F;Mis;N,FALSE,TRUE,FALSE
CDH1,1,TRUE,gastric;lobular breast,E,F;Mis;N;S,FALSE,TRUE,FALSE
CDH10,2,FALSE,melanoma,E,F;Mis;N,FALSE,TRUE,FALSE
CDH11,1,TRUE,aneurysmal bone cyst,M,T,FALSE,FALSE,FALSE
CDH17,2,FALSE,melanoma,E,Mis,TRUE,FALSE,FALSE
CDK12,1,TRUE,serous ovarian,E,F;Mis;N,FALSE,TRUE,FALSE
CDK4,1,TRUE,,E,Mis,TRUE,FALSE,FALSE
CDK6,1,TRUE,ALL,L,T,FALSE,FALSE,FALSE
CDKN1A,2,FALSE,bladder cancer,E,F;N,FALSE,FALSE,FALSE
CDKN1B,1,FALSE,breast;small intestine neuroendocrine tumours,E,F,FALSE,TRUE,FALSE
CDKN2A,1,TRUE,melanoma;multiple other tumour types,E;L;M;O,D;F;Mis;N;S,FALSE,TRUE,FALSE
CDKN2C,1,FALSE,glioma;MM,L;O,D,FALSE,TRUE,FALSE
CDX2,1,FALSE,AML,L,T,FALSE,FALSE,FALSE
CEBPA,1,FALSE,AML;MDS,L,F;Mis;N,FALSE,TRUE,FALSE
CEP89,2,FALSE,Spitzoid tumour,E,T,FALSE,FALSE,TRUE
CHCHD7,1,FALSE,salivary adenoma,E,T,FALSE,FALSE,TRUE
CHD2,2,FALSE,CLL;large intestine;melanoma;monoclonal B lymphocytosis,E;L,F;Mis;N,FALSE,TRUE,FALSE
CHD4,1,TRUE,uterine serous carcinoma,E,F;Mis;N,TRUE,FALSE,FALSE
CHEK2,1,TRUE,,E,F,FALSE,TRUE,FALSE
CHIC2,2,FALSE,AML,L,T,FALSE,FALSE,TRUE
CHST11,2,FALSE,B-CLL,L,T,FALSE,FALSE,FALSE
CIC,1,TRUE,oligodendroglioma;soft tissue sarcoma,M;O,F;Mis;S;T,FALSE,FALSE,FALSE
CIITA,1,TRUE,Hodgkin lymphoma;PMBL,L,T,FALSE,FALSE,FALSE
CLIP1,1,TRUE,Spitzoid tumour,E,T,FALSE,FALSE,TRUE
CLP1,2,FALSE,AML,L,T,FALSE,FALSE,TRUE
CLTC,1,TRUE,ALCL;renal,L,T,FALSE,FALSE,FALSE
CLTCL1,1,TRUE,ALCL,L,T,FALSE,FALSE,FALSE
CNBD1,2,FALSE,colon cancer;gastric cancer,E,Mis,FALSE,FALSE,FALSE
CNBP,1,TRUE,aneurysmal bone cyst,M,T,FALSE,FALSE,FALSE
CNOT3,1,TRUE,T-ALL,L,F;Mis;N,FALSE,TRUE,FALSE
CNTNAP2,2,FALSE,glioma;melanoma,E;O,Mis,FALSE,TRUE,FALSE
CNTRL,1,FALSE,MPN;NHL,L,T,FALSE,FALSE,TRUE
COL1A1,1,FALSE,aneurysmal bone cyst;DFSP,M,T,FALSE,FALSE,TRUE
COL2A1,1,FALSE,chondrosarcoma;enchondroma,E;L;M,F;Mis;N;T,FALSE,FALSE,TRUE
COL3A1,2,FALSE,lipoblastoma,E,T,FALSE,FALSE,TRUE
COX6C,2,FALSE,uterine leiomyoma,M,T,FALSE,FALSE,TRUE
CPEB3,2,FALSE,lung cancer,E,D,FALSE,TRUE,FALSE
CREB1,1,FALSE,angiomatoid fibrous histiocytoma;clear cell sarcoma,M,T,FALSE,FALSE,FALSE
CREB3L1,1,TRUE,myxofibrosarcoma,M,T,FALSE,FALSE,FALSE
CREB3L2,1,TRUE,fibromyxoid sarcoma,M,T,FALSE,FALSE,FALSE
CREBBP,1,TRUE,ALL;AML;B-NHL;DLBCL,L,F;Mis;N;O;T,FALSE,FALSE,FALSE
CRLF2,1,TRUE,B-ALL;Downs associated ALL,L,Mis;T,FALSE,FALSE,FALSE
CRNKL1,2,FALSE,base cell carcinoma,E,Mis,FALSE,FALSE,FALSE
CRTC1,1,TRUE,salivary gland mucoepidermoid,E,T,FALSE,FALSE,FALSE
CRTC3,1,FALSE,salivary gland mucoepidermoid,E,T,FALSE,FALSE,TRUE
CSF1R,2,FALSE,AML;CCRCC;CML;hemangioblastoma;MDS,E;L;M,Mis;N,TRUE,FALSE,FALSE
CSF3R,1,TRUE,aCML;CMML;CNL;de novo AML;leukaemia lymphoma and MDS associated with severe congenital neutropenia;MDS,L,Mis;N,TRUE,FALSE,FALSE
CSMD3,2,FALSE,lung cancer;oral SCC;ovarian cancer,E,Mis;N,FALSE,TRUE,FALSE
CTCF,1,TRUE,breast;endometrial;head and neck cancer,E,Mis;N,FALSE,TRUE,FALSE
CTNNA2,2,FALSE,gastric cancer,E,Mis;S,TRUE,FALSE,FALSE
CTNNB1,1,TRUE,colorectal;hepatoblastoma;other tumour types;ovarian;pleomorphic salivary gland adenoma,E;M;O,Mis;O;T,FALSE,FALSE,FALSE
CTNND1,2,FALSE,large intestine carcinoma,E,N,FALSE,FALSE,FALSE
CTNND2,2,FALSE,GIST;prostae adenocarcinoma,E,Mis,TRUE,FALSE,FALSE
CUL3,2,FALSE,lung cancer,E,N,FALSE,TRUE,FALSE
CUX1,1,TRUE,AML;colorectal;endometrial;MDS;melanoma;other tumour types,E;L;M;O,F;Mis;N;O;S;T,FALSE,FALSE,FALSE
CXCR4,1,TRUE,WM,L,F;Mis;N,TRUE,FALSE,FALSE
CYLD,1,TRUE,cylindroma,E,F;Mis;N;S,FALSE,TRUE,FALSE
CYP2C8,2,FALSE,melanoma,E,Mis,FALSE,FALSE,FALSE
CYSLTR2,2,FALSE,uveal melanoma,E,Mis,TRUE,FALSE,FALSE
DAXX,1,TRUE,paediatric glioblastoma;pancreatic neuroendocrine tumour,E,F;Mis;N,FALSE,FALSE,FALSE
DCAF12L2,2,FALSE,CRC,E,Mis,FALSE,FALSE,FALSE
DCC,2,FALSE,CRC;melanoma;SCC,E,D;Mis;N,FALSE,FALSE,FALSE
DCTN1,1,FALSE,inflammatory myofibroblastic tumour;Spitzoid tumour,M,T,FALSE,FALSE,TRUE
DDB2,1,TRUE,,E,Mis;N,FALSE,FALSE,FALSE
DDIT3,1,TRUE,liposarcoma,M,T,FALSE,FALSE,FALSE
DDR2,1,TRUE,NSCLC;squamous cell carcinoma,E,Mis;N,TRUE,FALSE,FALSE
DDX10,1,TRUE,AML*,L,T,FALSE,FALSE,FALSE
DDX3X,1,TRUE,CLL;medulloblastoma,L;O,F;Mis;N,FALSE,TRUE,FALSE
DDX5,1,TRUE,prostate,E,T,FALSE,FALSE,FALSE
DDX6,1,TRUE,B-NHL,L,T,FALSE,FALSE,FALSE
DEK,1,FALSE,AML,L,T,FALSE,FALSE,FALSE
DGCR8,2,FALSE,Wilms tumour,O,Mis,TRUE,FALSE,FALSE
DICER1,1,TRUE,embryonal rhabdomyosarcoma;other tumour types;pituitary blastoma;pleuropulmonary blastoma;sex cord-stromal tumour;TGCT;thyroid cancer;Wilms tumour,E;M;O,F;Mis;N,FALSE,TRUE,FALSE
DNAJB1,1,FALSE,fibrolamellar hepatocellular carcinoma,E,T,FALSE,FALSE,TRUE
DNM2,1,TRUE,T-ALL,L,F;Mis;N;O;S,FALSE,TRUE,FALSE
DNMT3A,1,TRUE,AML,L,F;Mis;N;S,FALSE,TRUE,FALSE
DROSHA,1,TRUE,bladder carcinoma;NSCLC;Wilms tumour,E;O,A;F;Mis;N,FALSE,TRUE,FALSE
DUX4L1,2,FALSE,soft tissue sarcoma,M,T,FALSE,FALSE,TRUE
EBF1,1,TRUE,lipoma,M,T,FALSE,FALSE,FALSE
ECT2L,2,FALSE,ETP ALL,L,Mis;N;S,FALSE,FALSE,FALSE
EED,2,FALSE,lung adenocarcinoma;malignant peripheral nerve sheath tumours;MDS and related,E;L,F;Mis,FALSE,TRUE,FALSE
EGFR,1,TRUE,glioma;NSCLC,E;O,A;Mis;O,TRUE,FALSE,FALSE
EIF1AX,2,FALSE,low grade serous ovarian cancer;thyroid cancer (PDTC and ATC);uveal melanoma,E,Mis;S,FALSE,FALSE,FALSE
EIF3E,1,TRUE,colorectal,E,T,FALSE,FALSE,FALSE
EIF4A2,1,TRUE,NHL,L,T,FALSE,FALSE,TRUE
ELF3,2,FALSE,pancreatic cancer,E,F;Mis;N,FALSE,TRUE,FALSE
ELF4,1,TRUE,AML,L,T,FALSE,FALSE,FALSE
ELK4,1,TRUE,prostate,E,T,FALSE,FALSE,FALSE
ELL,1,TRUE,AL,L,T,FALSE,FALSE,FALSE
ELN,2,FALSE,B-ALL,L,T,FALSE,FALSE,TRUE
EML4,1,TRUE,NSCLC,E,T,FALSE,FALSE,TRUE
EP300,1,TRUE,ALL;AML;breast;colorectal;DLBCL;pancreatic,E;L,F;Mis;N;O;T,FALSE,FALSE,FALSE
EPAS1,1,TRUE,central nervous system hemangioblastomas;paraganglioma;pheochromocytoma,E;M,Mis,FALSE,FALSE,FALSE
EPHA3,2,FALSE,CRC;lung cancer;melanoma,E,Mis,FALSE,FALSE,FALSE
EPHA7,2,FALSE,CRC;melanoma,E,Mis,FALSE,FALSE,FALSE
EPS15,1,TRUE,ALL,L,T,FALSE,FALSE,FALSE
ERBB2,1,TRUE,breast;gastric;NSCLC;other tumour types;ovarian,E,A;Mis;O,FALSE,FALSE,FALSE
ERBB3,1,TRUE,bladder;colon;gastric;head and neck;skin,E,Mis;N,TRUE,FALSE,FALSE
ERBB4,1,TRUE,gastric;melanoma;NSCLC,E,Mis;N,FALSE,FALSE,FALSE
ERC1,1,TRUE,papillary thyroid;Spitzoid tumour,E,T,FALSE,FALSE,TRUE
ERCC2,1,TRUE,,E,F;Mis;N;S,FALSE,TRUE,FALSE
ERCC3,1,TRUE,,E,Mis;S,FALSE,TRUE,FALSE
ERCC4,1,TRUE,,E,F;Mis;N,FALSE,TRUE,FALSE
ERCC5,1,TRUE,,E,F;Mis;N,FALSE,TRUE,FALSE
ERG,1,TRUE,AML;Ewing sarcoma;prostate,E;L;M,A;T,FALSE,FALSE,FALSE
ESR1,1,TRUE,breast,E,Mis,FALSE,FALSE,FALSE
ETNK1,1,TRUE,aCML;CMML;HES;SM-AHD,L,Mis,FALSE,TRUE,FALSE
ETV1,1,FALSE,Ewing sarcoma;prostate,E;M,T,FALSE,FALSE,FALSE
ETV4,1,FALSE,Ewing sarcoma;prostate carcinoma,E;M,T,FALSE,FALSE,FALSE
ETV5,1,FALSE,prostate,E,T,FALSE,FALSE,FALSE
ETV6,1,TRUE,congenital fibrosarcoma;MDS;multiple different leukaemia and lymphoma tumour types including ALL;secretory breast,E;L;M,T,FALSE,FALSE,FALSE
EWSR1,1,TRUE,ALL;clear cell sarcoma;desmoplastic small round cell tumour;Ewing sarcoma;mesothelioma;myoepithelioma;sarcoma,E;L;M,T,FALSE,FALSE,FALSE
EXT1,1,FALSE,,M,F;Mis;N;S,FALSE,FALSE,FALSE
EXT2,1,FALSE,,M,F;Mis;N;S,FALSE,TRUE,FALSE
EZH2,1,TRUE,DLBCL,L,Mis,FALSE,FALSE,FALSE
EZR,1,TRUE,NSCLC,E,T,FALSE,FALSE,TRUE
FAM131B,2,FALSE,pilocytic astrocytoma,O,T,FALSE,FALSE,TRUE
FAM135B,2,FALSE,SCLC,E,Mis,FALSE,FALSE,FALSE
FAM47C,2,FALSE,clear cell sarcoma of soft parts;melanoma;SCLC,E;M,Mis,FALSE,FALSE,FALSE
FANCA,1,FALSE,,L,D;F;Mis;N;S,FALSE,TRUE,FALSE
FANCC,1,FALSE,,L,D;F;Mis;N;S,FALSE,TRUE,FALSE
FANCD2,1,TRUE,,L,D;F;Mis;N,FALSE,TRUE,FALSE
FANCE,1,FALSE,,L,F;N;S,FALSE,TRUE,FALSE
FANCF,1,FALSE,,L,F;N,FALSE,TRUE,FALSE
FANCG,1,FALSE,,L,F;Mis;N;S,FALSE,TRUE,FALSE
FAS,1,TRUE,nasal NK/T lymphoma;skin squamous cell carcinoma-burn scar related;TGCT,E;L;O,Mis,FALSE,TRUE,FALSE
FAT1,1,TRUE,chemorefractory CLL;head and neck;oral squamous cell;pancreatic acinar cell carcinoma,E;L,F;Mis;N;S,FALSE,TRUE,FALSE
FAT3,2,FALSE,colon adenocarcinoma;gastric adenocarcinoma;SCC,E,Mis,FALSE,FALSE,FALSE
FAT4,1,TRUE,head and neck;hepatocellular carcinoma;lymphoma;melanoma;pancreatic,E;L,Mis;N,FALSE,TRUE,FALSE
FBLN2,2,FALSE,breast cancer;colorectal adenocarcinoma,E,Mis;S,FALSE,TRUE,FALSE
FBXO11,1,TRUE,DLBCL,L,D;F;Mis,FALSE,TRUE,FALSE
FBXW7,1,TRUE,colorectal;endometrial;T-ALL,E;L,D;F;Mis;N,FALSE,TRUE,FALSE
FCGR2B,1,TRUE,ALL,L,T,FALSE,FALSE,FALSE
FCRL4,1,FALSE,B-NHL,L,T,FALSE,FALSE,FALSE
FEN1,2,FALSE,,E,,FALSE,TRUE,FALSE
FES,1,FALSE,HNSCC;ovarian carcinoma,E,F;Mis,FALSE,FALSE,FALSE
FEV,1,FALSE,Ewing sarcoma,M,T,FALSE,FALSE,FALSE
FGFR1,1,TRUE,MPN;NHL;salivary adenoma,L,T,FALSE,FALSE,FALSE
FGFR1OP,1,FALSE,MPN;NHL,L,T,FALSE,FALSE,TRUE
FGFR2,1,TRUE,endometrial;gastric;NSCLC,E,Mis,FALSE,FALSE,FALSE
FGFR3,1,TRUE,bladder;MM;T-cell lymphoma,E;L,Mis;T,FALSE,FALSE,FALSE
FGFR4,1,TRUE,rhabdomyosarcoma,M,Mis,TRUE,FALSE,FALSE
FH,1,FALSE,,E;M,F;Mis;N,FALSE,TRUE,FALSE
FHIT,1,TRUE,pleomorphic salivary gland adenoma,E,T,FALSE,FALSE,FALSE
FIP1L1,1,TRUE,idiopathic hypereosinophilic syndrome,L,T,FALSE,FALSE,TRUE
FKBP9,2,FALSE,glioma,O,Mis,FALSE,FALSE,FALSE
FLCN,1,FALSE,,E;M,F;Mis;N,FALSE,TRUE,FALSE
FLI1,1,FALSE,Ewing sarcoma,M,T,FALSE,FALSE,FALSE
FLNA,2,FALSE,phyllodes tumour of the breast,E,F;Mis;O,FALSE,FALSE,FALSE
FLT3,1,TRUE,ALL;AML,L,Mis;O,TRUE,FALSE,FALSE
FLT4,1,TRUE,soft tissue sarcoma,M,A,TRUE,FALSE,FALSE
FNBP1,2,FALSE,AML,L,T,FALSE,FALSE,TRUE
FOXA1,1,TRUE,breast;prostate,E,F;Mis,TRUE,FALSE,FALSE
FOXL2,1,FALSE,granulosa-cell tumour of the ovary,O,Mis,FALSE,FALSE,FALSE
FOXO1,1,FALSE,alveolar rhabdomyosarcoma,M,T,FALSE,FALSE,FALSE
FOXO3,1,FALSE,AL,L,T,FALSE,FALSE,FALSE
FOXO4,1,FALSE,AL;soft tissue sarcoma,L;M,T,FALSE,FALSE,FALSE
FOXP1,1,FALSE,ALL,L,T,FALSE,FALSE,FALSE
FOXR1,2,FALSE,neuroblastoma,O,T,FALSE,FALSE,FALSE
FSTL3,1,FALSE,B-CLL,L,T,FALSE,FALSE,FALSE
FUBP1,1,TRUE,oligodendroglioma,O,F;N,TRUE,FALSE,FALSE
FUS,1,TRUE,AML;angiomatoid fibrous histiocytoma;Ewing sarcoma;fibromyxoid sarcoma;liposarcoma,L;M,T,FALSE,FALSE,FALSE
GAS7,1,TRUE,AML*,L,T,FALSE,FALSE,TRUE
GATA1,1,FALSE,megakaryoblastic leukaemia of Downs syndrome,L,F;Mis,FALSE,FALSE,FALSE
GATA2,1,FALSE,AML (CML blast transformation),L,Mis,TRUE,FALSE,FALSE
GATA3,1,FALSE,breast,E,F;N;S,FALSE,FALSE,FALSE
GLI1,2,FALSE,CRC;oesophagus cancer,E,F;T,FALSE,FALSE,FALSE
GMPS,2,FALSE,AML,L,T,FALSE,FALSE,TRUE
GNA11,1,TRUE,primary central nervous system melanocytic neoplasms;uveal melanoma,E;O,Mis,TRUE,FALSE,FALSE
GNAQ,1,TRUE,primary central nervous system melanocytic neoplasms;uveal melanoma,E;O,Mis,TRUE,FALSE,FALSE
GNAS,1,TRUE,fibrous dysplasia;pancreatic intraductal papillary mucinous neoplasm;pituitary adenoma,E;M,Mis,TRUE,FALSE,FALSE
GOLGA5,1,FALSE,papillary thyroid;Spitzoid tumour,E,T,FALSE,FALSE,TRUE
GOPC,1,FALSE,borderline ovarian;cholangiocarcinoma;glioblastoma,E;O,T,FALSE,FALSE,TRUE
GPC3,1,TRUE,,O,D;F;Mis;N;S,FALSE,FALSE,FALSE
GPC5,2,FALSE,lung adenocarcinoma,E,D,FALSE,TRUE,FALSE
GPHN,1,FALSE,AL,L,T,FALSE,FALSE,TRUE
GRIN2A,1,TRUE,colorectal carcinoma;gastric carcinoma;lung carcinoma;melanoma,E,F;Mis;N;O,FALSE,TRUE,FALSE
GRM3,2,FALSE,melanoma;oral SCC,E,A;Mis,TRUE,FALSE,FALSE
H3F3A,1,TRUE,glioma,O,Mis,TRUE,FALSE,FALSE
H3F3B,1,TRUE,chondroblastoma,M,Mis,TRUE,FALSE,FALSE
HERPUD1,1,FALSE,prostate,E,T,FALSE,FALSE,TRUE
HEY1,1,TRUE,mesenchymal chondrosarcoma,M,T,FALSE,FALSE,FALSE
HIF1A,1,TRUE,colorectal;endometrioid carcinoma;glioblastoma;lung;pancreatic;renal,E;O,F;Mis;N,TRUE,FALSE,FALSE
HIP1,1,TRUE,CMML;NSCLC,E;L,T,FALSE,FALSE,FALSE
HIST1H3B,1,FALSE,glioma,O,Mis,TRUE,FALSE,FALSE
HIST1H4I,1,FALSE,NHL,L,T,FALSE,FALSE,TRUE
HLA-A,1,FALSE,Spitzoid tumour,E,T,FALSE,FALSE,TRUE
HLF,1,FALSE,ALL,L,T,FALSE,FALSE,FALSE
HMGA1,1,FALSE,microfollicular thyroid adenoma;various benign mesenchymal tumours,E;M,T,FALSE,FALSE,FALSE
HMGA2,1,FALSE,leiomyoma;lipoma;pleomorphic salivary gland adenoma,M,T,FALSE,FALSE,FALSE
HMGN2P46,2,FALSE,prostate,E,T,FALSE,FALSE,TRUE
HNF1A,1,TRUE,hepatic adenoma;hepatocellular,E,F;Mis,FALSE,TRUE,FALSE
HNRNPA2B1,1,TRUE,prostate,E,T,FALSE,FALSE,FALSE
HOOK3,1,FALSE,papillary thyroid,E,T,FALSE,FALSE,TRUE
HOXA11,1,TRUE,CML,L,T,FALSE,FALSE,FALSE
HOXA13,1,FALSE,AML,L,T,FALSE,FALSE,FALSE
HOXA9,1,FALSE,AML*,L,T,FALSE,FALSE,FALSE
HOXC11,1,FALSE,AML,L,T,FALSE,FALSE,FALSE
HOXC13,1,FALSE,AML,L,T,FALSE,FALSE,FALSE
HOXD11,1,FALSE,AML,L,T,FALSE,FALSE,FALSE
HOXD13,1,FALSE,AML*,L,T,FALSE,FALSE,FALSE
HRAS,1,TRUE,infrequent sarcomas;rare other tumour types,E;L;M,Mis,TRUE,FALSE,FALSE
HSP90AA1,1,FALSE,NHL,L,T,FALSE,FALSE,TRUE
HSP90AB1,1,FALSE,NHL,L,T,FALSE,FALSE,TRUE
ID3,2,FALSE,Burkitt lymphoma,L,Mis;N,FALSE,TRUE,FALSE
IDH1,1,TRUE,glioblastoma,O,Mis,TRUE,FALSE,FALSE
IDH2,1,TRUE,glioblastoma,O,Mis,TRUE,FALSE,FALSE
IGF2BP2,2,FALSE,lymphoma,L,D,FALSE,TRUE,FALSE
IGH,1,TRUE,B-ALL;Burkitt lymphoma;CLL;MALT;MLCLS;MM;NHL,L,T,FALSE,FALSE,TRUE
IGK,1,FALSE,B-NHL;Burkitt lymphoma,L,T,FALSE,FALSE,TRUE
IGL,1,FALSE,Burkitt lymphoma,L,T,FALSE,FALSE,TRUE
IKBKB,1,FALSE,SMZL,L,Mis,TRUE,FALSE,FALSE
IKZF1,1,FALSE,ALL;DLBCL,L,D;T,FALSE,FALSE,FALSE
IL2,1,FALSE,intestinal T-cell lymphoma,L,T,FALSE,FALSE,TRUE
IL21R,1,FALSE,NHL,L,T,FALSE,FALSE,TRUE
IL6ST,1,TRUE,hepatocellular carcinoma,E,O,TRUE,FALSE,FALSE
IL7R,1,FALSE,ALL;ETP ALL,L,Mis;O,TRUE,FALSE,FALSE
IRF4,1,FALSE,MM,L,T,FALSE,FALSE,FALSE
IRS4,1,FALSE,breast cancer;glioma;melanoma;rhabdomyosarcoma;T-ALL,E;L;M;O,F;Mis;T,FALSE,FALSE,FALSE
ISX,2,FALSE,melanoma,E,Mis,FALSE,FALSE,FALSE
ITGAV,2,FALSE,large intestine carcinoma,E,F,FALSE,FALSE,FALSE
ITK,1,FALSE,peripheral T-cell lymphoma,L,T,FALSE,FALSE,TRUE
JAK1,1,TRUE,ALL,L,Mis,FALSE,FALSE,FALSE
JAK2,1,TRUE,ALL;AML;CML;MPN,L,Mis;O;T,FALSE,FALSE,FALSE
JAK3,1,TRUE,acute megakaryocytic leukaemia;ETP ALL,L,Mis,TRUE,FALSE,FALSE
JAZF1,2,FALSE,endometrial stromal tumour,M,T,FALSE,FALSE,TRUE
JUN,1,FALSE,sarcoma,M,A,TRUE,FALSE,FALSE
KAT6A,1,FALSE,AML,L,A;T,FALSE,FALSE,FALSE
KAT6B,1,FALSE,AML;leiomyoma,L;M,T,FALSE,FALSE,FALSE
KAT7,2,FALSE,CCRCC,E,Mis,TRUE,FALSE,FALSE
KCNJ5,1,FALSE,adrenal adenoma,E,Mis,TRUE,FALSE,FALSE
KDM5A,1,FALSE,AML,L,T,FALSE,FALSE,FALSE
KDM5C,1,FALSE,clear cell renal carcinoma,E,F;Mis;N;S,FALSE,TRUE,FALSE
KDM6A,1,TRUE,bladder carcinoma;medulloblastoma;MM;oesophageal SCC;other tumour types;renal cell carcinoma;T-ALL,E;L,D;F;N;S,FALSE,FALSE,FALSE
KDR,1,TRUE,angiosarcoma;NSCLC,E,Mis,TRUE,FALSE,FALSE
KDSR,1,FALSE,B-NHL,L,T,FALSE,FALSE,TRUE
KEAP1,1,TRUE,breast carcinoma;NSCLC,E,F;Mis;N,FALSE,TRUE,FALSE
KIAA1549,2,FALSE,pilocytic astrocytoma,O,T,FALSE,FALSE,TRUE
KIF5B,1,FALSE,NSCLC;Spitzoid tumour,E,T,FALSE,FALSE,TRUE
KIT,1,TRUE,AML;GIST;mastocytosis;mucosal melanoma;TGCT,E;L;M;O,Mis;O,TRUE,FALSE,FALSE
KLF4,1,TRUE,meningioma,O,Mis,FALSE,FALSE,FALSE
KLF6,1,FALSE,glioma;prostate,E;O,Mis;N,FALSE,TRUE,FALSE
KLK2,1,FALSE,prostate,E,T,FALSE,FALSE,TRUE
KMT2A,1,FALSE,ALL;AML,L,O;T,FALSE,FALSE,FALSE
KMT2C,1,TRUE,medulloblastoma,O,N,FALSE,TRUE,FALSE
KMT2D,1,TRUE,medulloblastoma;renal,E;O,F;Mis;N,FALSE,FALSE,FALSE
KNL1,1,TRUE,AML,L,T,FALSE,FALSE,FALSE
KNSTRN,2,FALSE,SCC,E,Mis,TRUE,FALSE,FALSE
KRAS,1,TRUE,AML;colorectal;lung;other tumour types;pancreatic;thyroid,E;L;M;O,Mis,TRUE,FALSE,FALSE
KTN1,1,FALSE,papillary thyroid,E,T,FALSE,FALSE,TRUE
LARP4B,2,FALSE,CRC;glioma,E;O,D;F,FALSE,TRUE,FALSE
LASP1,1,FALSE,AML,L,T,FALSE,FALSE,TRUE
LATS1,1,TRUE,skin basal cell carcinoma,E,Mis;N,FALSE,TRUE,FALSE
LATS2,1,TRUE,malignant mesothelioma,E,D;F;N,FALSE,TRUE,FALSE
LCK,1,TRUE,T-ALL,L,T,FALSE,FALSE,FALSE
LCP1,2,FALSE,NHL,L,T,FALSE,FALSE,TRUE
LEF1,1,TRUE,AML;B-ALL;eyelid sebaceous carcinoma;lymphomas;T-ALL,E;L,Mis;N,FALSE,FALSE,FALSE
LEPROTL1,2,FALSE,colon cancer;lung cancer,E,D,FALSE,TRUE,FALSE
LHFPL6,2,FALSE,lipoma,M,T,FALSE,FALSE,TRUE
LIFR,1,TRUE,salivary adenoma,E,T,FALSE,FALSE,TRUE
LMNA,1,TRUE,Spitzoid tumour,E,T,FALSE,FALSE,TRUE
LMO1,1,FALSE,neuroblastoma;T-ALL,L,A;T,FALSE,FALSE,FALSE
LMO2,1,FALSE,T-ALL,L,T,FALSE,FALSE,FALSE
LPP,1,FALSE,leukaemia;lipoma,L;M,T,FALSE,FALSE,FALSE
LRIG3,1,FALSE,NSCLC,E,T,FALSE,FALSE,FALSE
LRP1B,1,TRUE,CLL;oesophageal squamous cell carcinoma;ovarian cancer;urothelial cancer,E;L,D;F;Mis;N,FALSE,TRUE,FALSE
LSM14A,2,FALSE,Spitzoid tumour,E,T,FALSE,FALSE,TRUE
LYL1,1,FALSE,T-ALL,L,T,FALSE,FALSE,FALSE
LZTR1,1,TRUE,glioblastoma,E,F;Mis;N,FALSE,TRUE,FALSE
MACC1,2,FALSE,CRC;liver,E,Mis,TRUE,FALSE,FALSE
MAF,1,FALSE,MM,L,T,FALSE,FALSE,FALSE
MAFB,1,FALSE,MM,L,T,FALSE,FALSE,FALSE
MALAT1,2,FALSE,lung;renal cell carcinoma (childhood epithelioid),E,T,FALSE,FALSE,FALSE
MALT1,1,FALSE,MALT,L,T,FALSE,FALSE,FALSE
MAML2,1,FALSE,salivary gland mucoepidermoid,E,T,FALSE,FALSE,FALSE
MAP2K1,1,FALSE,colorectal;melanoma;NSCLC,E,Mis,TRUE,FALSE,FALSE
MAP2K2,1,FALSE,melanoma;NSCLC,E,Mis,TRUE,FALSE,FALSE
MAP2K4,1,FALSE,breast;colorectal;pancreatic,E,D;Mis;N,FALSE,FALSE,FALSE
MAP3K1,1,TRUE,luminal A breast,E,F;Mis;N;O;S,FALSE,FALSE,FALSE
MAP3K13,1,TRUE,breast,E,F,FALSE,FALSE,FALSE
MAPK1,1,TRUE,cervical carcinoma;CLL;ovarian mixed germ cell tumour,E;L,Mis,TRUE,FALSE,FALSE
MAX,1,FALSE,colon carcinoma;endometrioid carcinoma;pheochromocytoma,E;O,F;Mis;N,FALSE,TRUE,FALSE
MB21D2,2,FALSE,lung cancer,E,Mis,FALSE,FALSE,FALSE
MDM2,1,FALSE,colorectal;glioma;other tumour types;sarcoma,E;L;M;O,A,TRUE,FALSE,FALSE
MDM4,1,FALSE,bladder;glioblastoma;retinoblastoma,M,A,TRUE,FALSE,FALSE
MDS2,2,FALSE,MDS,L,T,FALSE,FALSE,TRUE
MECOM,1,FALSE,AML;CML;MDS,L,T,FALSE,FALSE,FALSE
MED12,1,TRUE,fibroadenoma;phyllodes tumour;uterine leiomyoma,E;M,Mis;O;S,FALSE,TRUE,FALSE
MEN1,1,TRUE,pancreatic neuroendocrine tumour;parathyroid tumours,E,D;F;Mis;N;S,FALSE,TRUE,FALSE
MET,1,TRUE,head-neck squamous cell;papillary renal,E,Mis,TRUE,FALSE,FALSE
MGMT,2,FALSE,glioma,O,D,FALSE,TRUE,FALSE
MITF,1,FALSE,melanoma,E,A,TRUE,FALSE,FALSE
MLF1,1,FALSE,AML,L,T,FALSE,FALSE,FALSE
MLH1,1,FALSE,CNS tumours;colorectal;endometrial;ovarian,E;O,D;F;Mis;N;S,FALSE,TRUE,FALSE
MLLT1,1,FALSE,AL,L,T,FALSE,FALSE,TRUE
MLLT10,1,TRUE,AL,L,T,FALSE,FALSE,FALSE
MLLT11,1,FALSE,ALL,L,T,FALSE,FALSE,TRUE
MLLT3,1,FALSE,ALL,L,T,FALSE,FALSE,TRUE
MLLT6,1,FALSE,AL,L,T,FALSE,FALSE,TRUE
MN1,1,FALSE,AML;MDS,L,T,FALSE,FALSE,FALSE
MNX1,2,FALSE,AML,L,T,FALSE,FALSE,TRUE
MPL,1,FALSE,MPN,L,Mis,TRUE,FALSE,FALSE
MRTFA,1,FALSE,acute megakaryocytic leukaemia,L,T,FALSE,FALSE,FALSE
MSH2,1,FALSE,colorectal;endometrial;ovarian,E,D;F;Mis;N;S,FALSE,TRUE,FALSE
MSH6,1,FALSE,colorectal,E,F;Mis;N;S,FALSE,TRUE,FALSE
MSI2,1,FALSE,CML,L,T,FALSE,FALSE,FALSE
MSN,1,FALSE,ALCL,L,T,FALSE,FALSE,TRUE
MTCP1,1,FALSE,T cell prolymphocytic leukaemia,L,T,FALSE,FALSE,FALSE
MTOR,1,TRUE,anaplastic thyroid cancer;central nervous system tumours;clear cell renal cell carcinoma;endometrial carcinoma;head and neck;testicular germ cell tumours and other tumour types;urothelial cell carcinoma,E,Mis;N,TRUE,FALSE,FALSE
MUC1,1,FALSE,B-NHL,L,T,FALSE,FALSE,TRUE
MUC16,2,FALSE,HNSCC;melanoma,E,Mis,TRUE,FALSE,FALSE
MUC4,2,FALSE,HNSCC,E,Mis;O,TRUE,FALSE,FALSE
MUTYH,1,FALSE,,E,Mis,FALSE,TRUE,FALSE
MYB,1,FALSE,adenoid cystic carcinoma,E,T,FALSE,FALSE,FALSE
MYC,1,TRUE,amplified in other cancers;B-CLL;Burkitt lymphoma,E;L,A;T,FALSE,FALSE,FALSE
MYCL,1,FALSE,small cell lung carcinoma,E,A,TRUE,FALSE,FALSE
MYCN,1,FALSE,neuroblastoma;Wilms tumour,O,A;Mis,TRUE,FALSE,FALSE
MYD88,1,TRUE,ABC-DLBCL,L,Mis,TRUE,FALSE,FALSE
MYH11,1,FALSE,AML,L,T,FALSE,FALSE,TRUE
MYH9,1,FALSE,ALCL,L,T,FALSE,FALSE,FALSE
MYO5A,1,FALSE,Spitzoid tumour,E,T,FALSE,FALSE,TRUE
MYOD1,1,FALSE,embryonal rhabdomyosarcoma,M,Mis,TRUE,FALSE,FALSE
N4BP2,2,FALSE,lung cancer,E,D,FALSE,TRUE,FALSE
NAB2,1,TRUE,meningeal haemangiopericytoma;solitary fibrous tumour,M;O,T,FALSE,FALSE,FALSE
NACA,2,FALSE,NHL,L,T,FALSE,FALSE,TRUE
NBEA,2,FALSE,large intestine carcinoma;multiple myeloma,E;L,F;T,FALSE,FALSE,FALSE
NBN,1,FALSE,,E;L;M;O,F;Mis;N,FALSE,TRUE,FALSE
NCKIPSD,2,FALSE,ALL,L,T,FALSE,FALSE,TRUE
NCOA1,1,FALSE,alveolar rhabdomyosarcoma,M,T,FALSE,FALSE,TRUE
NCOA2,1,FALSE,AML;chondrosarcoma;rhabdomyosarcoma,L;M,T,FALSE,FALSE,FALSE
NCOA4,1,FALSE,papillary thyroid,E,T,FALSE,FALSE,FALSE
NCOR1,1,FALSE,breast,E,F;Mis;N;O,FALSE,TRUE,FALSE
NCOR2,1,TRUE,prostate,E,F;Mis;N;O,FALSE,TRUE,FALSE
NDRG1,1,TRUE,prostate,E,T,FALSE,FALSE,FALSE
NF1,1,TRUE,glioma;neurofibroma,O,D;F;Mis;N;O;S,FALSE,FALSE,FALSE
NF2,1,TRUE,acoustic neuroma;meningioma;renal,O,D;F;Mis;N;O;S,FALSE,TRUE,FALSE
NFATC2,1,FALSE,Ewing sarcoma,M,T,FALSE,FALSE,FALSE
NFE2L2,1,TRUE,HNSCC;NSCLC,E,Mis,FALSE,FALSE,FALSE
NFIB,1,FALSE,adenoid cystic carcinoma;lipoma,E,T,FALSE,FALSE,TRUE
NFKB2,1,FALSE,B-NHL,L,T,FALSE,FALSE,FALSE
NFKBIE,1,FALSE,CLL;desmoplastic melanoma,E;L,F;Mis,FALSE,TRUE,FALSE
NIN,1,FALSE,MPN,L,T,FALSE,FALSE,TRUE
NKX2-1,1,FALSE,NSCLC,E,A,FALSE,FALSE,FALSE
NONO,1,TRUE,papillary renal,E,T,FALSE,FALSE,TRUE
NOTCH1,1,TRUE,bladder;breast;head and neck SCC;lung SCC;skin SCC;T-ALL,E;L,Mis;O;T,FALSE,FALSE,FALSE
NOTCH2,1,TRUE,bladder;DLBCL;marginal zone lymphoma,E;L,F;Mis;N,FALSE,FALSE,FALSE
NPM1,1,TRUE,AML;APL;NHL,L,F;T,FALSE,FALSE,FALSE
NR4A3,1,FALSE,extraskeletal myxoid chondrosarcoma,M,T,FALSE,FALSE,FALSE
NRAS,1,TRUE,AML;melanoma;MM;thyroid,E;L,Mis,TRUE,FALSE,FALSE
NRG1,1,FALSE,NSCLC,E,T,FALSE,FALSE,FALSE
NSD1,1,FALSE,AML,L,T,FALSE,FALSE,TRUE
NSD2,1,FALSE,MM,L,T,FALSE,FALSE,FALSE
NSD3,1,FALSE,AML,L,A;T,FALSE,FALSE,FALSE
NT5C2,1,TRUE,relapse ALL,L,Mis,TRUE,FALSE,FALSE
NTHL1,2,FALSE,,E,N;S,FALSE,TRUE,FALSE
NTRK1,1,FALSE,papillary thyroid;Spitzoid tumour,E,A;T,FALSE,FALSE,FALSE
NTRK3,1,FALSE,congenital fibrosarcoma;secretory breast,E;M,T,FALSE,FALSE,FALSE
NUMA1,1,FALSE,APL,L,T,FALSE,FALSE,TRUE
NUP214,1,FALSE,AML;T-ALL,L,T,FALSE,FALSE,TRUE
NUP98,1,FALSE,AML,L,T,FALSE,FALSE,FALSE
NUTM1,1,FALSE,lethal midline carcinoma,E,T,FALSE,FALSE,FALSE
NUTM2B,1,FALSE,endometrial stromal sarcoma,M,T,FALSE,FALSE,TRUE
NUTM2D,1,FALSE,endometrial stromal sarcoma,M,T,FALSE,FALSE,TRUE
OLIG2,1,FALSE,T-ALL,L,T,FALSE,FALSE,FALSE
OMD,2,FALSE,aneurysmal bone cyst,M,T,FALSE,FALSE,TRUE
P2RY8,1,FALSE,B-ALL;Down syndrome associated ALL,L,T,FALSE,FALSE,FALSE
PABPC1,2,FALSE,biliary tract carcinoma;HNSCC,E,F;Mis,FALSE,FALSE,FALSE
PAFAH1B2,1,TRUE,MLCLS,L,T,FALSE,FALSE,TRUE
PALB2,1,FALSE,,E;L;O,F;Mis;N,FALSE,TRUE,FALSE
PATZ1,1,FALSE,Ewing sarcoma,M,T,FALSE,FALSE,FALSE
PAX3,1,TRUE,alveolar rhabdomyosarcoma,M,T,FALSE,FALSE,FALSE
PAX5,1,TRUE,ALL;B-ALL;NHL,L,D;F;Mis;S;T,FALSE,FALSE,FALSE
PAX7,1,TRUE,alveolar rhabdomyosarcoma,M,T,FALSE,FALSE,TRUE
PAX8,1,TRUE,follicular thyroid,E,T,FALSE,FALSE,TRUE
PBRM1,1,TRUE,breast;clear cell renal carcinoma,E,D;F;Mis;N;O;S,FALSE,TRUE,FALSE
PBX1,1,TRUE,myoepithelioma;pre B-ALL,L;M,T,FALSE,FALSE,FALSE
PCBP1,2,FALSE,CRC,E,Mis,FALSE,FALSE,FALSE
PCM1,1,FALSE,CML;MPN;papillary thyroid,E;L,T,FALSE,FALSE,TRUE
PDCD1LG2,1,TRUE,Hodgkin lymphoma;PMBL,L,T,FALSE,FALSE,FALSE
PDE4DIP,1,FALSE,MPN,L,T,FALSE,FALSE,TRUE
PDGFB,1,FALSE,DFSP,M,T,FALSE,FALSE,FALSE
PDGFRA,1,TRUE,GIST;idiopathic hypereosinophilic syndrome;paediatric glioblastoma,L;M;O,Mis;O;T,FALSE,FALSE,FALSE
PDGFRB,1,FALSE,AML;CML;CMML;MPN,L,T,FALSE,FALSE,FALSE
PER1,1,TRUE,AML;CMML,L,T,FALSE,FALSE,FALSE
PHF6,1,FALSE,ETP ALL,L,F;Mis;N;S,FALSE,TRUE,FALSE
PHOX2B,1,TRUE,neuroblastoma,O,F;Mis,FALSE,TRUE,FALSE
PICALM,1,TRUE,AML;T-ALL,L,T,FALSE,FALSE,TRUE
PIK3CA,1,TRUE,breast;colorectal;gastric;glioblastoma,E;O,Mis,TRUE,FALSE,FALSE
PIK3CB,1,TRUE,NSCLC;SCC,E,Mis,TRUE,FALSE,FALSE
PIK3R1,1,TRUE,colorectal;glioblastoma;ovarian,E;O,F;Mis;O,FALSE,TRUE,FALSE
PIM1,1,TRUE,NHL,L,Mis;T,FALSE,FALSE,FALSE
PLAG1,1,FALSE,lipoblastoma;salivary adenoma,E,T,FALSE,FALSE,FALSE
PLCG1,1,TRUE,angiosarcoma,E,Mis,FALSE,FALSE,FALSE
PML,1,FALSE,ALL;APL,L,T,FALSE,FALSE,FALSE
PMS1,2,FALSE,,E,Mis;N,FALSE,FALSE,FALSE
PMS2,1,TRUE,,E,F;Mis;N,FALSE,TRUE,FALSE
POLD1,1,FALSE,CRC,E,Mis,FALSE,TRUE,FALSE
POLE,1,FALSE,colorectal carcinoma;endometrioid carcinoma;skin cancer;stomach carcinoma,E,Mis,FALSE,TRUE,FALSE
POLG,2,FALSE,CRC,E,N;O,FALSE,TRUE,FALSE
POLQ,1,FALSE,oral SCC,E,Mis,FALSE,FALSE,FALSE
POT1,1,TRUE,CLL,L,Mis;N,FALSE,TRUE,FALSE
POU2AF1,1,TRUE,NHL,L,T,FALSE,FALSE,FALSE
POU5F1,1,TRUE,sarcoma,M,T,FALSE,FALSE,FALSE
PPARG,1,TRUE,follicular thyroid,E,T,FALSE,FALSE,FALSE
PPFIBP1,1,FALSE,inflammatory myofibroblastic tumour;Spitzoid tumour,E;M,T,FALSE,FALSE,TRUE
PPM1D,1,TRUE,breast cancer;glioma;ovarian cancer,E,A;F;Mis;N,TRUE,FALSE,FALSE
PPP2R1A,1,FALSE,clear cell ovarian carcinoma,E,Mis,FALSE,TRUE,FALSE
PPP6C,1,TRUE,melanoma,E,Mis;N,FALSE,TRUE,FALSE
PRCC,1,FALSE,papillary renal,E,T,FALSE,FALSE,TRUE
PRDM1,1,FALSE,DLBCL,L,D;F;Mis;N;S,FALSE,TRUE,FALSE
PRDM16,1,TRUE,AML;MDS,L,T,FALSE,FALSE,FALSE
PRDM2,2,FALSE,colon adenocarcinoma;gastric carcinoma;glioma;HNSCC;ovarian carcinoma,E;O,F;O,FALSE,TRUE,FALSE
PREX2,1,TRUE,melanoma;pancreatic ductal adenocarcinoma,E,Mis;N,TRUE,FALSE,FALSE
PRF1,1,FALSE,,L,M,FALSE,TRUE,FALSE
PRKACA,1,TRUE,cortisol secreting adrenal adenoma;fibrolamellar hepatocellular carcinoma,E,Mis;N;T,TRUE,FALSE,FALSE
PRKAR1A,1,TRUE,papillary thyroid,E;M,F;Mis;N;S;T,FALSE,FALSE,FALSE
PRKCB,2,FALSE,adult T-cell lymphoma-leukaemia,L,Mis,FALSE,FALSE,FALSE
PRPF40B,2,FALSE,colon carcinoma;MDS;melanoma,E;L,F;N,FALSE,FALSE,FALSE
PRRX1,1,FALSE,AML,L,T,FALSE,FALSE,TRUE
PSIP1,1,TRUE,AML,L,T,FALSE,FALSE,FALSE
PTCH1,1,FALSE,medulloblastoma;skin basal cell,E;M,F;Mis;N;S,FALSE,TRUE,FALSE
PTEN,1,TRUE,endometrial;glioma;prostate,E;L;M;O,D;F;Mis;N;S,FALSE,TRUE,FALSE
PTK6,1,TRUE,gastric;head and neck;others;ovarian;renal,E,Mis;N,FALSE,FALSE,FALSE
PTPN11,1,FALSE,AML;JMML;MDS,L,Mis,TRUE,FALSE,FALSE
PTPN13,1,TRUE,gastric;lung;NSCLC;peritoneal carcinomatosis,E,Mis;N,FALSE,TRUE,FALSE
PTPN6,2,FALSE,DLBCL,L,Mis,FALSE,TRUE,FALSE
PTPRB,1,FALSE,angiosarcoma,E,F;Mis;N;S,FALSE,TRUE,FALSE
PTPRC,1,FALSE,T-ALL,L,Mis;N;S,FALSE,TRUE,FALSE
PTPRD,2,FALSE,glioblastoma;HNSCC;kidney cancer;lung cancer,E;O,D;Mis;N,FALSE,TRUE,FALSE
PTPRK,1,FALSE,colorectal,E,T,FALSE,FALSE,FALSE
PTPRT,1,TRUE,colorectal cancer;gastric cancer;HNSCC;lung cancer;melanoma,E,Mis;N,FALSE,TRUE,FALSE
PWWP2A,2,FALSE,Spitzoid tumour,E,T,FALSE,FALSE,TRUE
QKI,1,TRUE,angiocentric glioma;colorectal cancer,E;O,F;Mis;T,FALSE,FALSE,FALSE
RABEP1,1,TRUE,CMML,L,T,FALSE,FALSE,TRUE
RAC1,1,TRUE,carcinoma;melanoma,E,F;Mis,TRUE,FALSE,FALSE
RAD17,2,FALSE,colon cancer;lymphoma,E;L,D,FALSE,TRUE,FALSE
RAD21,1,TRUE,AML;colorectal;endometrium;lung,E;L,F;Mis;N,FALSE,FALSE,FALSE
RAD51B,1,FALSE,lipoma;uterine leiomyoma,M,T,FALSE,FALSE,FALSE
RAF1,1,TRUE,pilocytic astrocytoma;prostate,E;O,A;T,FALSE,FALSE,FALSE
RALGDS,2,FALSE,Hodgkin lymphoma;PMBL,L,T,FALSE,FALSE,TRUE
RANBP2,1,TRUE,inflammatory myofibroblastic tumour,M,T,FALSE,FALSE,FALSE
RAP1GDS1,1,TRUE,T-ALL,L,T,FALSE,FALSE,FALSE
RARA,1,FALSE,APL,L,T,FALSE,FALSE,FALSE
RB1,1,TRUE,breast;retinoblastoma;sarcoma;small cell lung carcinoma,E;L;M;O,D;F;Mis;N;S,FALSE,TRUE,FALSE
RBM10,1,TRUE,lung adenocarcinoma,E,F;Mis;N,FALSE,TRUE,FALSE
RBM15,1,TRUE,acute megakaryocytic leukaemia,L,T,FALSE,FALSE,TRUE
RECQL4,1,TRUE,,M,F;N;S,FALSE,FALSE,FALSE
REL,1,FALSE,Hodgkin lymphoma,L,A,TRUE,FALSE,FALSE
RET,1,TRUE,medullary thyroid;NSCLC;papillary thyroid;pheochromocytoma;Spitzoid tumour,E;O,F;Mis;N;T,FALSE,FALSE,FALSE
RFWD3,2,FALSE,lung cancer,E,D,FALSE,TRUE,FALSE
RGPD3,2,FALSE,endometrioid adenocarcinoma,E,Mis,FALSE,FALSE,FALSE
RGS7,2,FALSE,melanoma,E,Mis,FALSE,FALSE,FALSE
RHOA,1,TRUE,diffuse gastric;paediatric Burkitt lymphoma;T cell lymphomas,E;L,F;Mis;O,FALSE,FALSE,FALSE
RHOH,1,TRUE,NHL,L,T,FALSE,FALSE,FALSE
RMI2,1,FALSE,Hodgkin lymphoma;PMBL,L,T,FALSE,FALSE,FALSE
RNF213,1,TRUE,ALCL,L,T,FALSE,FALSE,TRUE
RNF43,1,TRUE,cholangiocarcinoma;ovary;pancreas,E,F;Mis;N;S,FALSE,TRUE,FALSE
ROBO2,2,FALSE,colorectal adenocarcinoma;melanoma,E,F,FALSE,TRUE,FALSE
ROS1,1,TRUE,borderline ovarian;cholangiocarcinoma;glioblastoma;NSCLC;Spitzoid tumour,E;O,T,FALSE,FALSE,FALSE
RPL10,1,FALSE,T-ALL,L,Mis,FALSE,TRUE,FALSE
RPL22,1,FALSE,AML;CML,L,T,FALSE,FALSE,FALSE
RPL5,1,FALSE,T-ALL,L,F;Mis;N,FALSE,TRUE,FALSE
RPN1,1,FALSE,AML,L,T,FALSE,FALSE,TRUE
RSPO2,1,FALSE,colorectal,E,T,FALSE,FALSE,FALSE
RSPO3,1,FALSE,colorectal,E,T,FALSE,FALSE,FALSE
RUNX1,1,FALSE,AML;pre B-ALL;T-ALL,L,T,FALSE,FALSE,FALSE
RUNX1T1,1,TRUE,AML,L,T,FALSE,FALSE,FALSE
S100A7,2,FALSE,melanoma;T-cell lymphoma,E;L,Mis;T,FALSE,FALSE,TRUE
SALL4,1,FALSE,breast cancer;colorectal cancer;glioblastoma;melanoma;prostate cancer,E,F;Mis,TRUE,FALSE,FALSE
SBDS,1,FALSE,,L,F;N;O,FALSE,TRUE,FALSE
SDC4,1,FALSE,NSCLC,E,T,FALSE,FALSE,TRUE
SDHA,1,TRUE,GIST;paraganglioma,M;O,Mis;N,FALSE,TRUE,FALSE
SDHAF2,1,FALSE,,M,M,FALSE,TRUE,FALSE
SDHB,1,FALSE,,O,F;Mis;N,FALSE,TRUE,FALSE
SDHC,1,FALSE,,O,F;Mis;N,FALSE,TRUE,FALSE
SDHD,1,FALSE,,O,F;Mis;N;S,FALSE,TRUE,FALSE
SEPT5,2,FALSE,AML,L,T,FALSE,FALSE,TRUE
SEPT6,2,FALSE,AML,L,T,FALSE,FALSE,TRUE
SEPT9,2,FALSE,AML*,L,T,FALSE,FALSE,TRUE
SET,1,FALSE,T-ALL,L,T,FALSE,FALSE,FALSE
SETBP1,1,FALSE,aCML;CMML;JMML;MDS/MPN-U;sAML,L,Mis;T,FALSE,FALSE,FALSE
SETD1B,2,FALSE,CRC;endometrium,E,D;F,FALSE,TRUE,FALSE
SETD2,1,FALSE,clear cell renal carcinoma,E,F;Mis;N;S,FALSE,TRUE,FALSE
SETDB1,2,FALSE,malignant mesothelioma,E,F;Mis,TRUE,FALSE,FALSE
SF3B1,1,TRUE,myelodysplastic syndrome,L,Mis,TRUE,FALSE,FALSE
SFPQ,1,TRUE,papillary renal,E,T,FALSE,FALSE,FALSE
SFRP4,1,FALSE,colorectal cancer;gastric cancer;melanoma;oesophageal SCC;SCC,E,Mis,FALSE,TRUE,FALSE
SGK1,2,FALSE,Nodular lymphocyte predominant Hodgkin lymphoma,L,Mis,TRUE,FALSE,FALSE
SH2B3,1,FALSE,B-ALL;erythrocytosis;MPN;sAML,L,F;Mis;N,FALSE,TRUE,FALSE
SH3GL1,1,FALSE,AL,L,T,FALSE,FALSE,FALSE
SHTN1,2,FALSE,Spitzoid tumour,E,T,FALSE,FALSE,TRUE
SIRPA,2,FALSE,colorectal cancer;HNSCC;Lung SCC,E,F;O,FALSE,TRUE,FALSE
SIX1,1,TRUE,Wilms tumour,O,Mis,TRUE,FALSE,FALSE
SIX2,2,FALSE,Wilms tumour,O,Mis,TRUE,FALSE,FALSE
SKI,2,FALSE,melanoma,E,Mis,TRUE,FALSE,FALSE
SLC34A2,1,TRUE,NSCLC,E,T,FALSE,FALSE,FALSE
SLC45A3,1,TRUE,prostate,E,T,FALSE,FALSE,TRUE
SMAD2,1,TRUE,colorectal carcinoma;hepatocellular carcinoma,E,Mis;N,FALSE,TRUE,FALSE
SMAD3,1,TRUE,colorectal carcinoma;oral squamous cell carcinoma,E,Mis,FALSE,TRUE,FALSE
SMAD4,1,TRUE,colorectal;pancreatic;small intestine,E,D;F;Mis;N,FALSE,TRUE,FALSE
SMARCA4,1,FALSE,NSCLC;SCCOHT,E,F;Mis;N;S,FALSE,TRUE,FALSE
SMARCB1,1,FALSE,malignant rhabdoid,M,D;F;N;S,FALSE,TRUE,FALSE
SMARCD1,1,FALSE,breast,E,N,FALSE,TRUE,FALSE
SMARCE1,1,FALSE,,O,F;Mis;N,FALSE,TRUE,FALSE
SMC1A,2,FALSE,AML,L,Mis,FALSE,TRUE,FALSE
SMO,1,FALSE,skin basal cell,E,Mis,TRUE,FALSE,FALSE
SND1,1,FALSE,pancreas acinar carcinoma,E,T,FALSE,FALSE,FALSE
SNX29,2,FALSE,Hodgkin lymphoma;PMBL,L,T,FALSE,FALSE,TRUE
SOCS1,1,FALSE,Hodgkin lymphoma;PMBL,L,F;O,FALSE,TRUE,FALSE
SOX2,1,FALSE,NSCLC;oesophageal squamous carcinoma,E,A,TRUE,FALSE,FALSE
SOX21,2,FALSE,multiple myeloma,L,D,FALSE,TRUE,FALSE
SPECC1,2,FALSE,JMML,L,T,FALSE,FALSE,TRUE
SPEN,1,FALSE,adenoid cystic carcinoma;DLBCL;SMZL,L,F;Mis;N,FALSE,TRUE,FALSE
SPOP,1,TRUE,endometrial;prostate,E,Mis,FALSE,TRUE,FALSE
SRC,1,FALSE,colorectal cancer;endometrial carcinoma,E,Mis;N,TRUE,FALSE,FALSE
SRGAP3,2,FALSE,pilocytic astrocytoma,O,T,FALSE,FALSE,TRUE
SRSF2,1,FALSE,CLL;MDS,L,Mis,TRUE,FALSE,FALSE
SRSF3,1,FALSE,follicular lymphoma,L,T,FALSE,FALSE,FALSE
SS18,1,FALSE,synovial sarcoma,M,T,FALSE,FALSE,TRUE
SS18L1,1,FALSE,synovial sarcoma,M,T,FALSE,FALSE,TRUE
SSX1,1,FALSE,synovial sarcoma,M,T,FALSE,FALSE,FALSE
SSX2,1,FALSE,synovial sarcoma,M,T,FALSE,FALSE,FALSE
SSX4,1,FALSE,synovial sarcoma,M,T,FALSE,FALSE,FALSE
STAG1,2,FALSE,AML;colorectal cancer,E;L,Mis;N,FALSE,TRUE,FALSE
STAG2,1,TRUE,bladder carcinoma;Ewing's sarcoma;glioblastoma;melanoma;myeloid neoplasms,E;L;M;O,F;Mis;N;S,FALSE,TRUE,FALSE
STAT3,1,FALSE,T-cell large granular lymphocytic leukaemia,L,Mis;O,TRUE,FALSE,FALSE
STAT5B,1,FALSE,APL;large granular lymphocytic leukaemia;skin basal cell,E;L,Mis;O;T,FALSE,FALSE,FALSE
STAT6,1,FALSE,meningeal haemangiopericytoma;solitary fibrous tumour,M;O,T,FALSE,FALSE,FALSE
STIL,1,FALSE,T-ALL,L,T,FALSE,FALSE,FALSE
STK11,1,FALSE,NSCLC;pancreatic,E;M;O,D;F;Mis;N;S,FALSE,TRUE,FALSE
STRN,1,FALSE,anaplastic thyroid;lung;papillary thyroid,E,T,FALSE,FALSE,TRUE
SUFU,1,FALSE,medulloblastoma,O,D;F;S,FALSE,TRUE,FALSE
SUZ12,1,TRUE,endometrial stromal tumour,M,T,FALSE,FALSE,FALSE
SYK,1,FALSE,MDS;peripheral T-cell lymphoma,L,T,FALSE,FALSE,FALSE
TAF15,1,FALSE,ALL;extraskeletal myxoid chondrosarcoma,L;M,T,FALSE,FALSE,FALSE
TAL1,1,FALSE,lymphoblastic leukaemia/biphasic,L,T,FALSE,FALSE,FALSE
TAL2,1,FALSE,T-ALL,L,T,FALSE,FALSE,FALSE
TBL1XR1,1,TRUE,colorectal carcinoma;gallbladder carcinoma;primary central nervous system lymphoma;splenic marginal zone lymphoma,E;L;M,F;Mis,FALSE,FALSE,FALSE
TBX3,1,FALSE,breast;large intestine;skin,E,F;Mis;N;O,FALSE,FALSE,FALSE
TCEA1,1,FALSE,salivary adenoma,E,T,FALSE,FALSE,TRUE
TCF12,1,FALSE,extraskeletal myxoid chondrosarcoma,M,T,FALSE,FALSE,TRUE
TCF3,1,FALSE,pre B-ALL,L,T,FALSE,FALSE,FALSE
TCF7L2,1,TRUE,colorectal,E,T,FALSE,FALSE,FALSE
TCL1A,1,TRUE,T-CLL,L,T,FALSE,FALSE,FALSE
TEC,2,FALSE,myxoid chondrosarcoma,M,T,FALSE,FALSE,FALSE
TENT5C,1,FALSE,MM,L,F;Mis;O,FALSE,TRUE,FALSE
TERT,1,TRUE,bladder;glioblastoma;hepatocellular carcinoma;medulloblastoma;melanoma;mesothelioma;other tumour types;skin basal cell;skin squamous cell,E;O,Promoter Mis,FALSE,FALSE,FALSE
TET1,1,TRUE,AML,L,T,FALSE,FALSE,FALSE
TET2,1,TRUE,MDS,L,F;Mis;N,FALSE,TRUE,FALSE
TFE3,1,TRUE,alveolar soft part sarcoma;papillary renal;renal,E,T,FALSE,FALSE,FALSE
TFEB,1,FALSE,renal cell carcinoma (childhood epithelioid),E;M,T,FALSE,FALSE,FALSE
TFG,1,FALSE,ALCL;extraskeletal myxoid chondrosarcoma;NSCLC;papillary thyroid,E;L;M,T,FALSE,FALSE,TRUE
TFPT,2,FALSE,pre-B ALL,L,T,FALSE,FALSE,TRUE
TFRC,2,FALSE,NHL,L,T,FALSE,FALSE,TRUE
TGFBR2,1,TRUE,colorectal;head and neck,E,F;Mis;N,FALSE,TRUE,FALSE
THRAP3,2,FALSE,aneurysmal bone cyst,M,T,FALSE,FALSE,TRUE
TLX1,1,FALSE,T-ALL,L,T,FALSE,FALSE,FALSE
TLX3,1,FALSE,T-ALL,L,T,FALSE,FALSE,FALSE
TMEM127,1,FALSE,,E;O,F;N,FALSE,TRUE,FALSE
TMPRSS2,1,TRUE,prostate,E,T,FALSE,FALSE,TRUE
TNC,2,FALSE,melanoma;SCC,E,Mis,TRUE,FALSE,FALSE
TNFAIP3,1,TRUE,Hodgkin lymphoma;marginal zone B-cell lymphomas;PMBL,L,D;F;N,FALSE,TRUE,FALSE
TNFRSF14,1,FALSE,follicular lymphoma,L,F;Mis;N,FALSE,TRUE,FALSE
TNFRSF17,1,FALSE,intestinal T-cell lymphoma,L,T,FALSE,FALSE,FALSE
TOP1,1,FALSE,AML*,L,T,FALSE,FALSE,TRUE
TP53,1,TRUE,adrenocortical;breast;colorectal;glioma;lung;multiple other tumour types;sarcoma;Spitzoid tumour,E;L;M;O,F;Mis;N;T,FALSE,FALSE,FALSE
TP63,1,TRUE,DLBCL;HNSCC,E,Mis;N;T,FALSE,FALSE,FALSE
TPM3,1,FALSE,ALCL;NSCLC;papillary thyroid;Spitzoid tumour,E;L,T,FALSE,FALSE,FALSE
TPM4,1,FALSE,ALCL,L,T,FALSE,FALSE,TRUE
TPR,1,FALSE,NSCLC;papillary thyroid,E,T,FALSE,FALSE,TRUE
TRA,1,FALSE,T-ALL,L,T,FALSE,FALSE,TRUE
TRAF7,1,TRUE,meningioma,O,Mis,FALSE,TRUE,FALSE
TRB,1,FALSE,T-ALL,L,T,FALSE,FALSE,TRUE
TRD,1,FALSE,T-cell leukaemia,L,T,FALSE,FALSE,TRUE
TRIM24,1,FALSE,APL,L,T,FALSE,FALSE,FALSE
TRIM27,1,FALSE,papillary thyroid,E,T,FALSE,FALSE,FALSE
TRIM33,1,FALSE,papillary thyroid,E,T,FALSE,FALSE,FALSE
TRIP11,1,FALSE,AML,L,T,FALSE,FALSE,TRUE
TRRAP,1,FALSE,melanoma,E,Mis,TRUE,FALSE,FALSE
TSC1,1,FALSE,bladder carcinoma;renal cell carcinoma,E;O,D;F;Mis;N;S,FALSE,TRUE,FALSE
TSC2,1,FALSE,HNSCC;pulmonary lymphangioleiomyomatosis (LAM);renal angiomyolipoma,E;O,D;F;Mis;N;S,FALSE,TRUE,FALSE
TSHR,1,FALSE,toxic thyroid adenoma,E,Mis,TRUE,FALSE,FALSE
U2AF1,1,FALSE,CLL;MDS,L,Mis,TRUE,FALSE,FALSE
UBR5,1,TRUE,colorectal;gastric;mantle cell lymphoma,E;L,F;Mis;N;S,TRUE,FALSE,FALSE
USP44,2,FALSE,colon cancer;lung cancer,E,D,FALSE,TRUE,FALSE
USP6,1,FALSE,aneurysmal bone cyst,M,T,FALSE,FALSE,FALSE
USP8,1,TRUE,corticotroph adenoma,E,Mis;N,TRUE,FALSE,FALSE
VAV1,2,FALSE,T-cell lymphoma,L,O;T,FALSE,FALSE,TRUE
VHL,1,TRUE,haemangioma;pheochromocytoma;renal,E;M;O,D;F;Mis;N;S,FALSE,TRUE,FALSE
VTI1A,2,FALSE,colorectal,E,T,FALSE,FALSE,TRUE
WAS,1,TRUE,,L,F;Mis;N;S,TRUE,FALSE,FALSE
WDCP,1,FALSE,colorectal,E,T,FALSE,FALSE,TRUE
WIF1,1,TRUE,pleomorphic salivary gland adenoma,E,T,FALSE,FALSE,FALSE
WNK2,2,FALSE,gastric cancer,E,Mis,FALSE,TRUE,FALSE
WRN,1,FALSE,,E;L;M;O,F;Mis;N;S,FALSE,TRUE,FALSE
WT1,1,FALSE,desmoplastic small round cell tumour;Wilms tumour,O,D;F;Mis;N;S;T,FALSE,FALSE,FALSE
WWTR1,1,FALSE,epithelioid haemangioendothelioma,M,T,FALSE,FALSE,FALSE
XPA,1,FALSE,,E,F;Mis;N;S,FALSE,TRUE,FALSE
XPC,1,FALSE,,E,F;Mis;N;S,FALSE,TRUE,FALSE
XPO1,1,TRUE,CLL,L,Mis,TRUE,FALSE,FALSE
YWHAE,1,FALSE,endometrial stromal sarcoma,M,T,FALSE,FALSE,FALSE
ZBTB16,1,TRUE,APL,L,T,FALSE,FALSE,FALSE
ZCCHC8,2,FALSE,Spitzoid tumour,E,T,FALSE,FALSE,TRUE
ZEB1,2,FALSE,CCRCC;melanoma,E,Mis,TRUE,FALSE,FALSE
ZFHX3,1,TRUE,endometrial;gastric;prostate,E,Mis;N,FALSE,TRUE,FALSE
ZMYM2,1,FALSE,MPN;NHL,L,T,FALSE,FALSE,TRUE
ZMYM3,2,FALSE,breast cancer;CRC,E,F,FALSE,TRUE,FALSE
ZNF331,1,FALSE,follicular thyroid adenoma,E,T,FALSE,FALSE,FALSE
ZNF384,1,FALSE,ALL,L,T,FALSE,FALSE,TRUE
ZNF429,2,FALSE,GBM,O,Mis,FALSE,FALSE,FALSE
ZNF479,2,FALSE,bladder carcinoma;lung cancer;prostate carcinoma,E,Mis,FALSE,FALSE,FALSE
ZNF521,1,FALSE,ALL,L,T,FALSE,FALSE,FALSE
ZNRF3,2,FALSE,adrenocortical carcinoma;colorectal cancer;gastric cancer,E,F;Mis;N,FALSE,TRUE,FALSE
ZRSR2,1,TRUE,CLL;MDS,L,F;Mis;S,FALSE,TRUE,FALSE
